package,path
AbaqusReader,juliafem/abaqusreader.jl
AbbreviatedStackTraces,bioturbonick/abbreviatedstacktraces.jl
ABCDBeamTrace,ngedwin98/abcdbeamtrace.jl
ABCdeZ,mauricelanghinrichs/abcdez.jl
ABCDHypergraphGenerator,bkamins/abcdhypergraphgenerator.jl
ABCDMatrixOptics,juliaphysics/abcdmatrixoptics.jl
ABCredit,bancaditalia/abcredit.jl
ABM,spagnuolocarmine/abm.jl
AbnormalReturns,junder873/abnormalreturns.jl
About,tecosaur/about.jl
AbstractAlgebra,nemocas/abstractalgebra.jl
AbstractDifferentiation,juliadiff/abstractdifferentiation.jl
AbstractFFTs,juliamath/abstractffts.jl
AbstractGPs,juliagaussianprocesses/abstractgps.jl
AbstractMCMC,turinglang/abstractmcmc.jl
AbstractNeuralNetworks,juliagni/abstractneuralnetworks.jl
AbstractNumbers,simondanisch/abstractnumbers.jl
AbstractOperators,kul-optec/abstractoperators.jl
AbstractPlutoDingetjes,juliapluto/abstractplutodingetjes.jl
AbstractPPL,turinglang/abstractppl.jl
AbstractSDRs,juliatelecom/abstractsdrs.jl
AbstractTensors,chakravala/abstracttensors.jl
AbstractTrees,juliacollections/abstracttrees.jl
AcceleratedArrays,andyferris/acceleratedarrays.jl
AccelInterfaces,grnydawn/accelinterfaces.jl
Accessors,juliaobjects/accessors.jl
AccurateArithmetic,juliamath/accuratearithmetic.jl
ACE,acesuit/ace.jl
ACE1,acesuit/ace1.jl
ACEds,acesuit/aceds.jl
ACEfit,acesuit/acefit.jl
ACEhamiltonians,acesuit/acehamiltonians.jl
ACEmd,acesuit/acemd.jl
ACEpotentials,acesuit/acepotentials.jl
ACME,hsu-ant/acme.jl
AcousticAnalogies,openmdao/acousticanalogies.jl
AcousticFeatures,ymtoo/acousticfeatures.jl
AcousticRayTracers,org-arl/acousticraytracers.jl
AcousticsToolbox,org-arl/acousticstoolbox.jl
ACSets,algebraicjulia/acsets.jl
ActionModels,ilabcode/actionmodels.jl
ActiveInference,ilabcode/activeinference.jl
ACTRModels,itsdfish/actrmodels.jl
ACTRTutorials,itsdfish/actrtutorials.jl
ActuaryUtilities,juliaactuary/actuaryutilities.jl
AD4SM,avigliotti/ad4sm.jl
AD4VUMPS,tangwei94/ad4vumps.jl
AdalmPluto,juliatelecom/adalmpluto.jl
AdaOPS,juliapomdp/adaops.jl
Adapode,chakravala/adapode.jl
Adapt,juliagpu/adapt.jl
AdaptiveFilters,baggepinnen/adaptivefilters.jl
AdaptiveKDTrees,pedrosecchi67/adaptivekdtrees.jl
AdaptiveMCMC,mvihola/adaptivemcmc.jl
AdaptiveParticleMCMC,mvihola/adaptiveparticlemcmc.jl
AdaptiveRegularization,juliasmoothoptimizers/adaptiveregularization.jl
AdaptiveRejectionSampling,mauriciogtec/adaptiverejectionsampling.jl
AdaptiveResonance,ap6yc/adaptiveresonance.jl
AdaptiveSparseGrids,jacobadenbaum/adaptivesparsegrids.jl
AdaStress,nasa-sw-vnv/adastress.jl
ADCME,kailaix/adcme.jl
ADEV,probcomp/adev.jl
ADFPCM,qiyang-ustc/adfpcm.jl
ADI,juliahci/adi.jl
ADIOS2,eschnett/adios2.jl
ADNLPModels,juliasmoothoptimizers/adnlpmodels.jl
ADOLC,timsiebert1/adolc.jl
ADRIA,open-aims/adria.jl
ADTypes,sciml/adtypes.jl
AdvancedMH,turinglang/advancedmh.jl
AdvancedPS,turinglang/advancedps.jl
AdvancedVI,turinglang/advancedvi.jl
AdventOfCode2020,goggle/adventofcode2020.jl
AdventOfCode2021,goggle/adventofcode2021.jl
AdventOfCode2022,goggle/adventofcode2022.jl
AdventOfCode2023,goggle/adventofcode2023.jl
AEMS,juliapomdp/aems.jl
AeroAcoustics,1oly/aeroacoustics.jl
Aeroelasticity,byuflowlab/aeroelasticity.jl
AeroFuse,godotmisogi/aerofuse.jl
Aeron,new-earth-lab/aeron.jl
AffineArithmetic,juliaintervals/affinearithmetic.jl
AffineInvariantMCMC,madsjulia/affineinvariantmcmc.jl
Agents,juliadynamics/agents.jl
AgentsExampleZoo,juliadynamics/agentsexamplezoo.jl
AggregateBy,timholy/aggregateby.jl
Ai4EComponentLib,ai4energy/ai4ecomponentlib.jl
Ai4EMetaPSE,ai4energy/ai4emetapse.jl
AIBECS,juliaocean/aibecs.jl
AIHelpMe,svilupp/aihelpme.jl
AirspeedVelocity,milescranmer/airspeedvelocity.jl
AkazeFeatures,nlw0/akazefeatures.jl
AlbumCoverColors,frankiethull/albumcovercolors.jl
Algames,roboticexplorationlab/algames.jl
AlgebraicAgents,merck/algebraicagents.jl
AlgebraicControl,algebraicjulia/algebraiccontrol.jl
AlgebraicInference,samuelsonric/algebraicinference.jl
AlgebraicInterfaces,algebraicjulia/algebraicinterfaces.jl
AlgebraicMultigrid,julialinearalgebra/algebraicmultigrid.jl
AlgebraicNumbers,anj1/algebraicnumbers.jl
AlgebraicOptimization,algebraicjulia/algebraicoptimization.jl
AlgebraicPetri,algebraicjulia/algebraicpetri.jl
AlgebraicRelations,algebraicjulia/algebraicrelations.jl
AlgebraicRewriting,algebraicjulia/algebraicrewriting.jl
AlgebraicSolving,algebraic-solving/algebraicsolving.jl
AlgebraOfGraphics,makieorg/algebraofgraphics.jl
AlgebraPDF,mmikhasenko/algebrapdf.jl
Algoim,ericneiva/algoim.jl
AlgorithmsFromTheBook,kennethlange/algorithmsfromthebook.jl
AliasTables,lilithhafner/aliastables.jl
AllocArrays,ericphanson/allocarrays.jl
AllocCheck,julialang/alloccheck.jl
AlpacaMarkets,dm13450/alpacamarkets.jl
AlphaShapes,harveydevereux/alphashapes.jl
AlphaStableDistributions,org-arl/alphastabledistributions.jl
AlphaVantage,ellisvalentiner/alphavantage.jl
AlphaZero,jonathan-laurent/alphazero.jl
Alpine,lanl-ansi/alpine.jl
AltDistributions,tpapp/altdistributions.jl
Altro,roboticexplorationlab/altro.jl
Amaru,numsoftware/amaru.jl
Amb,shashi/amb.jl
AMD,juliasmoothoptimizers/amd.jl
AMDGPU,juliagpu/amdgpu.jl
AMGCLWrap,j-fu/amgclwrap.jl
AMGX,juliagpu/amgx.jl
AMLPipelineBase,ibm/amlpipelinebase.jl
AmplNLReader,juliasmoothoptimizers/amplnlreader.jl
AmplNLWriter,jump-dev/amplnlwriter.jl
AMRVW,jverzani/amrvw.jl
AnalyticComb,fargolo/analyticcomb.jl
Ananke,mhdflows/ananke.jl
Anasol,madsjulia/anasol.jl
Andes,cuihantao/andes.jl
AngleBetweenVectors,jeffreysarnoff/anglebetweenvectors.jl
Anneal,psrenergy/anneal.jl
ANOVA,marcpabst/anova.jl
AnovaBase,yufongpeng/anovabase.jl
ANSIColoredPrinters,juliadocs/ansicoloredprinters.jl
Antique,ohno/antique.jl
AnyMOD,leonardgoeke/anymod.jl
AppBundler,peacefounder/appbundler.jl
AppleAccelerate,julialinearalgebra/appleaccelerate.jl
ApproxBayes,marcjwilliams1/approxbayes.jl
ApproxFun,juliaapproximation/approxfun.jl
ApproxFunBase,juliaapproximation/approxfunbase.jl
ApproxFunFourier,juliaapproximation/approxfunfourier.jl
ApproximateGPs,juliagaussianprocesses/approximategps.jl
ApproxManifoldProducts,juliarobotics/approxmanifoldproducts.jl
AprilTags,juliarobotics/apriltags.jl
APTDecoder,alexander-barth/aptdecoder.jl
AQFED,jherekhealy/aqfed.jl
Aqua,juliatesting/aqua.jl
Aquarium,roboticexplorationlab/aquarium.jl
ArarForecast,akai01/ararforecast.jl
Arblib,kalmarek/arblib.jl
ArbNumerics,jeffreysarnoff/arbnumerics.jl
ArchGDAL,yeesian/archgdal.jl
ARCHModels,s-broda/archmodels.jl
ARDESPOT,juliapomdp/ardespot.jl
AreaInterpolation,juliageo/areainterpolation.jl
Arena,juliarobotics/arena.jl
ARFIMA,juliadynamics/arfima.jl
ArgCheck,jw3126/argcheck.jl
ArgoData,euroargodev/argodata.jl
Argos,exanauts/argos.jl
ArgParse,carlobaldassi/argparse.jl
ArgTools,juliaio/argtools.jl
ArguMend,milescranmer/argumend.jl
ArnoldiMethod,julialinearalgebra/arnoldimethod.jl
Arpack,julialinearalgebra/arpack.jl
Arrakis,mmkim1210/arrakis.jl
ArrayAllocators,mkitti/arrayallocators.jl
ArrayInitializers,mkitti/arrayinitializers.jl
ArrayInterface,juliaarrays/arrayinterface.jl
ArrayLayouts,julialinearalgebra/arraylayouts.jl
ArrayPadding,paulxshen/arraypadding.jl
ArraysOfArrays,juliaarrays/arraysofarrays.jl
ArrayTools,emmt/arraytools.jl
ArrayViews,juliaarrays/arrayviews.jl
ArtifactUtils,juliapackaging/artifactutils.jl
ARTimeNAB,marknzed/artimenab.jl
ArviZ,arviz-devs/arviz.jl
Asap,keithjlee/asap.jl
Asciicast,ericphanson/asciicast.jl
AsciinemaGenerator,giggleliu/asciinemagenerator.jl
ASCIIrasters,juliageo/asciirasters.jl
AssociatedLegendrePolynomials,jmert/associatedlegendrepolynomials.jl
Associations,juliadynamics/associations.jl
AssociativeWindowAggregation,tpgillam/associativewindowaggregation.jl
AsteroidGravityFields,astroshaper/asteroidgravityfields.jl
AsteroidThermoPhysicalModels,astroshaper/asteroidthermophysicalmodels.jl
AstroAngles,juliaastro/astroangles.jl
AstroBase,juliaastro/astrobase.jl
AstrodynamicalModels,cadojo/astrodynamicalmodels.jl
Astrodynamics,helgee/astrodynamics.jl
AstroImages,juliaastro/astroimages.jl
AstroIO,juliaastrosim/astroio.jl
AstroLib,juliaastro/astrolib.jl
AstroNbodySim,juliaastrosim/astronbodysim.jl
AstroPlot,juliaastrosim/astroplot.jl
AstroTime,juliaastro/astrotime.jl
AsynchronousIterativeAlgorithms,selimchraibi/asynchronousiterativealgorithms.jl
AtmosphericModels,aenarete/atmosphericmodels.jl
AtomGraphs,chemellia/atomgraphs.jl
AtomicLevels,juliaatoms/atomiclevels.jl
Atomistic,cesmix-mit/atomistic.jl
AtomsBase,juliamolsim/atomsbase.jl
AtomsBuilder,juliamolsim/atomsbuilder.jl
AtomsCalculators,juliamolsim/atomscalculators.jl
AtomsIO,mfherbst/atomsio.jl
Attitude,kevin-tracy/attitude.jl
Attractors,juliadynamics/attractors.jl
AttributeGraphs,unistuttgart-ikr/attributegraphs.jl
AuditoryStimuli,rob-luke/auditorystimuli.jl
AugmentedGaussianProcesses,theogf/augmentedgaussianprocesses.jl
AugmentedGPLikelihoods,juliagaussianprocesses/augmentedgplikelihoods.jl
AutoBZCore,lxvm/autobzcore.jl
AutoEncoderToolkit,mrazomej/autoencodertoolkit.jl
AutoGP,probsys/autogp.jl
AutoHashEquals,juliaservices/autohashequals.jl
AutoHedge,kgeoffrey/autohedge.jl
Automa,biojulia/automa.jl
AutomaticDocstrings,baggepinnen/automaticdocstrings.jl
AutomationLabs,automationlabs-sh/automationlabs.jl
AutonomousRiskFramework,sisl/autonomousriskframework.jl
AutoPrettyPrinting,curtd/autoprettyprinting.jl
AutoregressiveModels,junyuan-chen/autoregressivemodels.jl
AverageShiftedHistograms,joshday/averageshiftedhistograms.jl
AVLTrees,krynju/avltrees.jl
AVRDevices,seelengrab/avrdevices.jl
Avro,juliadata/avro.jl
AwkwardArray,juliahep/awkwardarray.jl
AWS,juliacloud/aws.jl
AWSCRT,octogonapus/awscrt.jl
AWSS3,juliacloud/awss3.jl
AxisAlgorithms,timholy/axisalgorithms.jl
AxisArrays,juliaarrays/axisarrays.jl
AxisKeys,mcabbott/axiskeys.jl
AxisSets,invenia/axissets.jl
AzStorage,chevronetc/azstorage.jl
Azure,juliacomputing/azure.jl
BandedMatrices,julialinearalgebra/bandedmatrices.jl
BandwidthBenchmark,juliaperf/bandwidthbenchmark.jl
BangBang,juliafolds/bangbang.jl
BaPCodVRPSolver,inria-uff/bapcodvrpsolver.jl
BARON,jump-dev/baron.jl
BartIO,magneticresonanceimaging/bartio.jl
BarycentricInterpolation,dawbarton/barycentricinterpolation.jl
BaryRational,macd/baryrational.jl
BaseBenchmarks,juliaci/basebenchmarks.jl
BaseDirs,tecosaur/basedirs.jl
BASEtoolbox,baseforhank/basetoolbox.jl
BasicAutoloads,lilithhafner/basicautoloads.jl
BasicBSpline,hyrodium/basicbspline.jl
BasicInterpolators,markmbaum/basicinterpolators.jl
BasicLU,juliasmoothoptimizers/basiclu.jl
BasicMD,gideonsimpson/basicmd.jl
BasicPOMCP,juliapomdp/basicpomcp.jl
Basins,awage/basins.jl
BasisFunctionExpansions,baggepinnen/basisfunctionexpansions.jl
BasisFunctions,juliaapproximation/basisfunctions.jl
BasisSets,hartreefoca/basissets.jl
BAT,bat/bat.jl
BatchedRoutines,luxdl/batchedroutines.jl
Batsrus,henry2004y/batsrus.jl
BattMo,battmoteam/battmo.jl
BayesFlux,enweg/bayesflux.jl
BayesianNetworkRegression,solislemuslab/bayesiannetworkregression.jl
BayesianOptimization,jbrea/bayesianoptimization.jl
BayesNets,sisl/bayesnets.jl
Baytes,paschermayr/baytes.jl
BeamFEA,byuflowlab/beamfea.jl
Beamforming,anowacki/beamforming.jl
BEAST,krcools/beast.jl
BeautifulAlgorithms,mossr/beautifulalgorithms.jl
BED,biojulia/bed.jl
BeeDeeDee,briandouglasie/beedeedee.jl
BeforeIT,bancaditalia/beforeit.jl
Behavior,erikedin/behavior.jl
BellDiagonalQudits,kungfugo/belldiagonalqudits.jl
BellScenario,chitambarlab/bellscenario.jl
BenchmarkProfiles,juliasmoothoptimizers/benchmarkprofiles.jl
BenchmarksGame,juliaperf/benchmarksgame.jl
BenchmarkTools,juliaci/benchmarktools.jl
BEPS,jl-pkgs/beps.jl
BernsteinExpansions,juliareach/bernsteinexpansions.jl
BesselK,cgeoga/besselk.jl
Bessels,juliamath/bessels.jl
BestieTemplate,abelsiqueira/bestietemplate.jl
BestModelSubset,waitasecant/bestmodelsubset.jl
BetaML,sylvaticus/betaml.jl
BetaRegression,ararslan/betaregression.jl
BetaVQE,wangleiphy/betavqe.jl
BetaZero,sisl/betazero.jl
BetterFileWatching,juliapluto/betterfilewatching.jl
Bezier,onecalfman/bezier.jl
BFloat16s,juliamath/bfloat16s.jl
BGEN,openmendel/bgen.jl
BGZFStreams,biojulia/bgzfstreams.jl
Bibliography,humans-of-julia/bibliography.jl
BibParser,humans-of-julia/bibparser.jl
BicycleEfficiency,jotas6/bicycleefficiency.jl
BifurcationInference,bifurcationkit/bifurcationinference.jl
BifurcationKit,bifurcationkit/bifurcationkit.jl
Bigleaf,bgctw/bigleaf.jl
BIGUQ,madsjulia/biguq.jl
BigWig,biojulia/bigwig.jl
Bijections,scheinerman/bijections.jl
BijectiveHilbert,adolgert/bijectivehilbert.jl
Bijectors,turinglang/bijectors.jl
BilevelHeuristics,jmejia8/bilevelheuristics.jl
BilevelJuMP,joaquimg/bileveljump.jl
BilinearControl,bjack205/bilinearcontrol.jl
Binance,dennisrutjes/binance.jl
BinaryBuilder,juliapackaging/binarybuilder.jl
BinaryBuilder2,juliapackaging/binarybuilder2.jl
BinaryBuilderBase,juliapackaging/binarybuilderbase.jl
BinaryTraits,tk3369/binarytraits.jl
BinningAnalysis,carstenbauer/binninganalysis.jl
BinomialGPU,juliagpu/binomialgpu.jl
BinomialSynapses,theoretical-neuroscience-group/binomialsynapses.jl
Binscatters,matthieugomez/binscatters.jl
BinStatistics,alex-s-gardner/binstatistics.jl
Bio,biojulia/bio.jl
Bio3DView,jgreener64/bio3dview.jl
BioAlignments,biojulia/bioalignments.jl
BiobakeryUtils,ecojulia/biobakeryutils.jl
BiochemicalAlgorithms,hildebrandtlab/biochemicalalgorithms.jl
BioformatsLoader,ahnlabb/bioformatsloader.jl
BioGenerics,biojulia/biogenerics.jl
BioMakie,biojulia/biomakie.jl
BioMarkovChains,camilogarciabotero/biomarkovchains.jl
BioProfiling,menchelab/bioprofiling.jl
BioRecordsProcessing,jonathanbieler/biorecordsprocessing.jl
BioSequences,biojulia/biosequences.jl
BioServices,biojulia/bioservices.jl
BioSimulator,alanderos91/biosimulator.jl
BioStockholm,marcom/biostockholm.jl
BioStructures,biojulia/biostructures.jl
BioSymbols,biojulia/biosymbols.jl
Bip39,iskyd/bip39.jl
Biplots,makieorg/biplots.jl
Bisect,lilithhafner/bisect.jl
BitBasis,quantumbfs/bitbasis.jl
BitFlags,jmert/bitflags.jl
BitInformation,milankl/bitinformation.jl
BitIntegers,rfourquet/bitintegers.jl
BitPermutations,giacomogiudice/bitpermutations.jl
BitsFields,jeffreysarnoff/bitsfields.jl
BivariateCopulas,andergray/bivariatecopulas.jl
BiweightStats,mileslucas/biweightstats.jl
BlackBoxOptim,robertfeldt/blackboxoptim.jl
BLASBenchmarksCPU,julialinearalgebra/blasbenchmarkscpu.jl
Blink,juliagizmos/blink.jl
Blio,david-macmahon/blio.jl
BLIS,julialinearalgebra/blis.jl
BLISBLAS,julialinearalgebra/blisblas.jl
BLNM,stanfordcbcl/blnm.jl
Blobs,relationalai-oss/blobs.jl
BlochSim,magneticresonanceimaging/blochsim.jl
BlochSimulators,oscarvanderheide/blochsimulators.jl
BlockArrays,juliaarrays/blockarrays.jl
BlockBandedMatrices,julialinearalgebra/blockbandedmatrices.jl
BlockDecomposition,atoptima/blockdecomposition.jl
BlockDiagonals,juliaarrays/blockdiagonals.jl
BlockNLPModels,exanauts/blocknlpmodels.jl
Blocks,juliaparallel/blocks.jl
BlockSystems,hexaeder/blocksystems.jl
Bloqade,queracomputing/bloqade.jl
Blosc,juliaio/blosc.jl
BLPDemand,ubcecon567/blpdemand.jl
BlsData,micahjsmith/blsdata.jl
BMesh,codelenz/bmesh.jl
Bobby,alemelis/bobby.jl
Bokeh,cjdoris/bokeh.jl
Boltz,luxdl/boltz.jl
BOMCP,sisl/bomcp.jl
BondGraphs,jedforrest/bondgraphs.jl
Bonobo,wikunia/bonobo.jl
Bonsai,onetonfoot/bonsai.jl
Books,juliabooks/books.jl
Bootstrap,juliangehring/bootstrap.jl
Boscia,zib-iol/boscia.jl
BosonSampling,benoitseron/bosonsampling.jl
BoundaryIntegralEquations,mipals/boundaryintegralequations.jl
BoundaryIntegralMethod,kahliburke/boundaryintegralmethod.jl
BoundaryLayerDynamics,efpl-columbia/boundarylayerdynamics.jl
BoundaryValueDiffEq,sciml/boundaryvaluediffeq.jl
BoundedDegreeGraphs,steffenpl/boundeddegreegraphs.jl
BoundTypes,bhftbootcamp/boundtypes.jl
BoxCoxTrans,tk3369/boxcoxtrans.jl
BoxLeastSquares,juliaastro/boxleastsquares.jl
Bplus,heyx3/bplus.jl
BPM,byuflowlab/bpm.jl
Brainfuck,johnmyleswhite/brainfuck.jl
Braket,amazon-braket/braket.jl
BraketAHS,amazon-braket/braketahs.jl
BraketSimulator,amazon-braket/braketsimulator.jl
BranchAndPrune,kolaru/branchandprune.jl
BrazilCentralBank,azeredo-e/brazilcentralbank.jl
BrazilFinancialData,thiago-simoes/brazilfinancialdata.jl
BridgeDiffEq,sciml/bridgediffeq.jl
Brillouin,thchr/brillouin.jl
BrillouinZoneMeshes,numericaleft/brillouinzonemeshes.jl
Brochure,roger-luo/brochure.jl
Brokerage,aaron-wheeler/brokerage.jl
Brownian,uow-statistics/brownian.jl
BrowserMacros,adrhill/browsermacros.jl
Bruno,usu-analytics-solution-center/bruno.jl
BSDiff,juliaio/bsdiff.jl
BSeries,ranocha/bseries.jl
BSON,juliaio/bson.jl
BSplineKit,jipolanco/bsplinekit.jl
BSplines,sostock/bsplines.jl
BufferedStreams,juliaio/bufferedstreams.jl
BugReporting,julialang/bugreporting.jl
Bukdu,wookay/bukdu.jl
Bullet,goretkin/bullet.jl
Bumper,masonprotter/bumper.jl
BumpStdlibs,julialang/bumpstdlibs.jl
BundleAdjustmentModels,juliasmoothoptimizers/bundleadjustmentmodels.jl
BundleMethod,kibaekkim/bundlemethod.jl
BundleProjects,davidanthoff/bundleprojects.jl
BurrowsWheelerAligner,jonathanbieler/burrowswheeleraligner.jl
BusinessDays,juliafinance/businessdays.jl
BytePairEncoding,chengchingwen/bytepairencoding.jl
C3D,halleysfifthinc/c3d.jl
Caching,zgornel/caching.jl
CadCAD,cadcad-org/cadcad.jl
Caesar,juliarobotics/caesar.jl
Cairn,cesmix-mit/cairn.jl
Cairo,juliagraphics/cairo.jl
CALCEPH,juliaastro/calceph.jl
CalciumScoring,molloilab/calciumscoring.jl
Calculus,juliamath/calculus.jl
CalculustCore,calculustjl/calculustcore.jl
CalculusWithJulia,jverzani/calculuswithjulia.jl
CalibrateEDMF,clima/calibrateedmf.jl
CalibrateEmulateSample,clima/calibrateemulatesample.jl
CalibrationErrors,devmotion/calibrationerrors.jl
CalibrationTests,devmotion/calibrationtests.jl
CALiPPSO,rdhr/calippso.jl
CameraModels,juliarobotics/cameramodels.jl
Cameras,stemann/cameras.jl
CaNNOLeS,juliasmoothoptimizers/cannoles.jl
CanonicalTraits,thautwarm/canonicaltraits.jl
CanRad,c-webster/canrad.jl
Canvas,fredrikekre/canvas.jl
Capnp,ondrejslamecka/capnp.jl
Capstan,juliadiff/capstan.jl
CarlemanLinearization,juliareach/carlemanlinearization.jl
Carlo,lukas-weber/carlo.jl
Cartan,chakravala/cartan.jl
CartesianGrids,juliaibpm/cartesiangrids.jl
CartesianJoin,dyeeee/cartesianjoin.jl
Casacore,torrance/casacore.jl
Cassette,julialabs/cassette.jl
CassetteOverlay,juliadebug/cassetteoverlay.jl
Catalyst,sciml/catalyst.jl
CatBoost,juliaai/catboost.jl
Catch22,brendanjohnharris/catch22.jl
CategoricalArrays,juliadata/categoricalarrays.jl
CategoricalDistributions,juliaai/categoricaldistributions.jl
CategoryData,lkdvos/categorydata.jl
Catlab,algebraicjulia/catlab.jl
CatViews,ahwillia/catviews.jl
Catwalk,tisztamo/catwalk.jl
CausalDiscovery,zenna/causaldiscovery.jl
CausalELM,dscolby/causalelm.jl
CausalInference,mschauer/causalinference.jl
CbaOPF,electa-git/cbaopf.jl
Cbc,jump-dev/cbc.jl
CBinding,analytech-solutions/cbinding.jl
CBOR,juliaio/cbor.jl
CCDReduction,juliaastro/ccdreduction.jl
Cclib,cclib/cclib.jl
CcyConv,bhftbootcamp/ccyconv.jl
CDCP,rowanxshi/cdcp.jl
CDCS,oxfordcontrol/cdcs.jl
CDDLib,juliapolyhedra/cddlib.jl
CDGRNs,yuehhua/cdgrns.jl
CDSAPI,juliaclimate/cdsapi.jl
CedarEDA,cedareda/cedareda.jl
CEEDesigns,merck/ceedesigns.jl
CellArrays,omlins/cellarrays.jl
CellBase,zhubonan/cellbase.jl
CellBasedModels,dsb-lab/cellbasedmodels.jl
CellListMap,m3g/celllistmap.jl
CellMLToolkit,sciml/cellmltoolkit.jl
CellScopes,haojiawu/cellscopes.jl
CellularAutomata,martinuzzifrancesco/cellularautomata.jl
CellularPotts,robertgregg/cellularpotts.jl
CentralizedCaches,juliacomputing/centralizedcaches.jl
CEnum,juliainterop/cenum.jl
CFITSIO,juliaastro/cfitsio.jl
CFMMRouter,bcc-research/cfmmrouter.jl
CFTime,juliageo/cftime.jl
CGAL,rgcv/cgal.jl
CGE,krainskil/cge.jl
Chain,jkrumbiegel/chain.jl
ChainPlots,rmsrosa/chainplots.jl
ChainRules,juliadiff/chainrules.jl
ChainRulesCore,juliadiff/chainrulescore.jl
ChainRulesTestUtils,juliadiff/chainrulestestutils.jl
Chairmarks,lilithhafner/chairmarks.jl
Changelog,juliadocs/changelog.jl
ChangePointDetection,cnelias/changepointdetection.jl
ChangePrecision,juliamath/changeprecision.jl
ChangesOfVariables,juliamath/changesofvariables.jl
ChannelBuffers,klausc/channelbuffers.jl
ChaosTools,juliadynamics/chaostools.jl
ChaoticDynamicalSystemLibrary,nathanaelbosch/chaoticdynamicalsystemlibrary.jl
ChaoticEncryption,saransh-cpp/chaoticencryption.jl
CharFuncPricing,jherekhealy/charfuncpricing.jl
ChargeTransport,patriciofarrell/chargetransport.jl
ChebyshevApprox,rjdennis/chebyshevapprox.jl
CheckDoc,tecosaur/checkdoc.jl
CheckedArithmetic,juliamath/checkedarithmetic.jl
Checkerboard,smoqysuite/checkerboard.jl
Checkpointing,argonne-national-laboratory/checkpointing.jl
Checkpoints,invenia/checkpoints.jl
Chemfiles,chemfiles/chemfiles.jl
ChemicalIdentifiers,longemen3000/chemicalidentifiers.jl
ChemistryFeaturization,chemellia/chemistryfeaturization.jl
CherenkovDeconvolution,mirkobunse/cherenkovdeconvolution.jl
Chess,romstad/chess.jl
Chevie,jmichel7/chevie.jl
ChipSort,nlw0/chipsort.jl
Chmy,ptsolvers/chmy.jl
ChowLiuTrees,tractables/chowliutrees.jl
ChromeProfileFormat,julia-vscode/chromeprofileformat.jl
Chron,brenhinkeller/chron.jl
Chuffed,juliaconstraints/chuffed.jl
ChunkSplitters,juliafolds2/chunksplitters.jl
CIAOAlgorithms,kul-optec/ciaoalgorithms.jl
CImGui,gnimuc/cimgui.jl
CircleFit,feanor12/circlefit.jl
CircStats,circstat/circstats.jl
Circuitscape,circuitscape/circuitscape.jl
CircularArrayBuffers,juliareinforcementlearning/circulararraybuffers.jl
CircularArrays,vexatos/circulararrays.jl
CircularList,tk3369/circularlist.jl
CirculatorySystemModels,ts-cubed/circulatorysystemmodels.jl
Clang,juliainterop/clang.jl
ClangCompiler,gnimuc/clangcompiler.jl
Clapeyron,clapeyronthermo/clapeyron.jl
Clarabel,oxfordcontrol/clarabel.jl
ClassicalOrthogonalPolynomials,juliaapproximation/classicalorthogonalpolynomials.jl
ClassImbalance,bcbi/classimbalance.jl
ClausenFunctions,expander/clausenfunctions.jl
CLBLAS,juliagpu/clblas.jl
CLBlast,juliagpu/clblast.jl
Cleaner,theronione/cleaner.jl
CleanRL,sash-a/cleanrl.jl
CLEARSWI,korbinian90/clearswi.jl
CLFFT,juliagpu/clfft.jl
ClickHouse,juliadatabases/clickhouse.jl
CliffordAlgebras,atell-soundtheory/cliffordalgebras.jl
CliffordNumbers,brainandforce/cliffordnumbers.jl
ClimaAtmos,clima/climaatmos.jl
ClimaCore,clima/climacore.jl
ClimaCoupler,clima/climacoupler.jl
ClimaDiagnostics,clima/climadiagnostics.jl
CliMAgen,clima/climagen.jl
ClimaLand,clima/climaland.jl
ClimaOcean,clima/climaocean.jl
ClimaOceanBiogeochemistry,clima/climaoceanbiogeochemistry.jl
ClimaParams,clima/climaparams.jl
ClimaSeaIce,clima/climaseaice.jl
ClimateBase,juliaclimate/climatebase.jl
ClimateMachine,clima/climatemachine.jl
ClimateMARGO,climatemargo/climatemargo.jl
ClimateModels,gaelforget/climatemodels.jl
ClimatePlots,juliaclimate/climateplots.jl
ClimateTools,juliaclimate/climatetools.jl
ClimaTimeSteppers,clima/climatimesteppers.jl
Climatology,juliaocean/climatology.jl
ClimaUtilities,clima/climautilities.jl
ClinicalTrialUtilities,pharmcat/clinicaltrialutilities.jl
ClipData,pdeffebach/clipdata.jl
Clipper,juliageometry/clipper.jl
CLIPS,probcomp/clips.jl
Cliquing,invenia/cliquing.jl
CloudBase,juliaservices/cloudbase.jl
CloudCovErr,andrew-saydjari/cloudcoverr.jl
CloudMicrophysics,clima/cloudmicrophysics.jl
CloudStore,juliaservices/cloudstore.jl
Cloudy,clima/cloudy.jl
Clp,jump-dev/clp.jl
CluGen,clugen/clugen.jl
ClusteredLowRankSolver,nanleij/clusteredlowranksolver.jl
Clustering,juliastats/clustering.jl
ClusteringBenchmarks,holylab/clusteringbenchmarks.jl
ClusterManagers,juliaparallel/clustermanagers.jl
ClusterTrees,krcools/clustertrees.jl
ClusterValidityIndices,ap6yc/clustervalidityindices.jl
CMAEvolutionStrategy,jbrea/cmaevolutionstrategy.jl
CMBLensing,marius311/cmblensing.jl
CMDimCircuits,ma-laforge/cmdimcircuits.jl
cNODE,michel-mata/cnode.jl
COBRA,opencobra/cobra.jl
COBREXA,lcsb-biocore/cobrexa.jl
Cobweb,juliacomputing/cobweb.jl
CoDa,juliaearth/coda.jl
CodeAI,genieframework/codeai.jl
CoDeBetHe,lorenzodallamico/codebethe.jl
CodecBase,juliaio/codecbase.jl
CodecBzip2,juliaio/codecbzip2.jl
CodecLz4,juliaio/codeclz4.jl
CodecXz,juliaio/codecxz.jl
CodecZlib,juliaio/codeczlib.jl
CodecZstd,juliaio/codeczstd.jl
CodeSculptor,heyx3/codesculptor.jl
CodeSearch,lilithhafner/codesearch.jl
CodeShifter,pabloferz/codeshifter.jl
CodeTracking,timholy/codetracking.jl
CodingTheory,jakewilliami/codingtheory.jl
Coefplots,caibengbu/coefplots.jl
COESA,danielmatz/coesa.jl
CoherentNoise,lazarusa/coherentnoise.jl
CoherentStructures,coherentstructures/coherentstructures.jl
Coil,pangoraw/coil.jl
CoinbasePro,dm13450/coinbasepro.jl
CoinbaseProExchange,vnegi10/coinbaseproexchange.jl
Cointegration,andreasnoack/cointegration.jl
CollectiveSpins,qojulia/collectivespins.jl
CollisionDetection,krcools/collisiondetection.jl
ColorBitstring,dlfivefifty/colorbitstring.jl
Colorfy,juliagraphics/colorfy.jl
ColorQuantization,juliaimages/colorquantization.jl
Colors,juliagraphics/colors.jl
ColorSchemes,juliagraphics/colorschemes.jl
ColorSchemeTools,juliagraphics/colorschemetools.jl
ColorTypes,juliagraphics/colortypes.jl
ColorVectorSpace,juliagraphics/colorvectorspace.jl
ColPack,exanauts/colpack.jl
Coluna,atoptima/coluna.jl
ColunaDemos,atoptima/colunademos.jl
CombinatorialSpaces,algebraicjulia/combinatorialspaces.jl
Combinatorics,juliamath/combinatorics.jl
CommandLiner,umlet/commandliner.jl
CommonDataModel,juliageo/commondatamodel.jl
CommonLicenses,cadojo/commonlicenses.jl
CommonMark,michaelhatherly/commonmark.jl
CommonRLInterface,juliareinforcementlearning/commonrlinterface.jl
CommonRLSpaces,juliareinforcementlearning/commonrlspaces.jl
CommonSolve,sciml/commonsolve.jl
CommonSubexpressions,rdeits/commonsubexpressions.jl
CommonWorldInvalidations,sciml/commonworldinvalidations.jl
CommutativeRings,klausc/commutativerings.jl
Comodo,comodo-research/comodo.jl
Comonicon,comonicon/comonicon.jl
CompactBases,juliaapproximation/compactbases.jl
Compat,julialang/compat.jl
CompatHelper,juliaregistries/compathelper.jl
CompatHelperLocal,juliaaplavin/compathelperlocal.jl
CompetingClocks,adolgert/competingclocks.jl
CompGrids,juliageodynamics/compgrids.jl
CompHENS,avinashresearch1/comphens.jl
CompileBot,aminya/compilebot.jl
CompileMRI,korbinian90/compilemri.jl
CompilerPluginTools,juliacompilerplugins/compilerplugintools.jl
CompileTraces,serenity4/compiletraces.jl
Complementarity,chkwon/complementarity.jl
ComplexityMeasures,juliadynamics/complexitymeasures.jl
ComplexMixtures,m3g/complexmixtures.jl
ComplexOptInterface,jump-dev/complexoptinterface.jl
ComplexRegions,complexvariables/complexregions.jl
ComplexSPSA,jgidi/complexspsa.jl
ComplexValues,complexvariables/complexvalues.jl
ComplexVisual,luchr/complexvisual.jl
ComponentArrays,jonniedie/componentarrays.jl
Compose,giovineitalia/compose.jl
CompositeGrids,numericaleft/compositegrids.jl
CompositeStructs,marius311/compositestructs.jl
CompositionalNetworks,juliaconstraints/compositionalnetworks.jl
CompositionsBase,juliafunctional/compositionsbase.jl
CompressedBeliefMDPs,juliapomdp/compressedbeliefmdps.jl
CompressedSparseBlocks,fcdimitr/compressedsparseblocks.jl
CompScienceMeshes,krcools/compsciencemeshes.jl
CompTime,algebraicjulia/comptime.jl
ComputationalHeatTransfer,juliaibpm/computationalheattransfer.jl
ComputationAwareKalman,marvinpfoertner/computationawarekalman.jl
ComputedFieldTypes,vtjnash/computedfieldtypes.jl
ComputerAdaptiveTesting,juliapsychometricsbazaar/computeradaptivetesting.jl
ComputerVisionTutorials,dale-black/computervisiontutorials.jl
Comrade,ptiede/comrade.jl
ConcaveHull,lstagner/concavehull.jl
ConceptualClimateModels,juliadynamics/conceptualclimatemodels.jl
Concorde,chkwon/concorde.jl
ConcreteStructs,jonniedie/concretestructs.jl
ConcreteTupleDicts,sbuercklin/concretetupledicts.jl
ConcurrentCollections,juliaconcurrent/concurrentcollections.jl
ConcurrentSim,juliadynamics/concurrentsim.jl
ConcurrentUtilities,juliaservices/concurrentutilities.jl
Conda,juliapy/conda.jl
CondaPkg,juliapy/condapkg.jl
Conditions,bertschi/conditions.jl
Conductor,wsphillips/conductor.jl
ConfidenceBands,junyuan-chen/confidencebands.jl
Configurations,roger-luo/configurations.jl
ConformalPrediction,juliatrustworthyai/conformalprediction.jl
ConfParser,juliaio/confparser.jl
ConicQKD,araujoms/conicqkd.jl
ConjugateGradients,mcovalt/conjugategradients.jl
ConjugatePriors,juliastats/conjugatepriors.jl
ConScape,conscape/conscape.jl
Consensus,rafaelbailo/consensus.jl
ConsensusBasedX,pdips/consensusbasedx.jl
ConstantQ,r9y9/constantq.jl
ConstrainedControl,janbruedigam/constrainedcontrol.jl
ConstrainedDynamics,janbruedigam/constraineddynamics.jl
ConstrainedShortestPaths,batyleo/constrainedshortestpaths.jl
ConstrainedSystems,juliaibpm/constrainedsystems.jl
ConstraintDomains,juliaconstraints/constraintdomains.jl
ConstraintLearning,juliaconstraints/constraintlearning.jl
ConstraintModels,juliaconstraints/constraintmodels.jl
ConstraintProgrammingExtensions,juliaconstraints/constraintprogrammingextensions.jl
ConstructionBase,juliaobjects/constructionbase.jl
ConstructionBots,sisl/constructionbots.jl
ConstructiveGeometry,plut/constructivegeometry.jl
Constructs,miroox/constructs.jl
ContentHashes,michaelhatherly/contenthashes.jl
ContextualLasso,ryan-thompson/contextuallasso.jl
Continuables,jolin-io/continuables.jl
ContinuousNormalizingFlows,impicnf/continuousnormalizingflows.jl
ContinuousWavelets,ucd4ids/continuouswavelets.jl
ContinuumArrays,juliaapproximation/continuumarrays.jl
Contour,juliageometry/contour.jl
ControlBarrierFunctions,maxhcohen/controlbarrierfunctions.jl
ControlSystemIdentification,baggepinnen/controlsystemidentification.jl
ControlSystems,juliacontrol/controlsystems.jl
ControlSystemsMTK,juliacontrol/controlsystemsmtk.jl
Controlz,simonensemble/controlz.jl
Convex,jump-dev/convex.jl
ConvexFlows,tjdiamandis/convexflows.jl
ConvexSampling,kamilkhanlab/convexsampling.jl
CoolProp,coolprop/coolprop.jl
CoordinateTransformations,juliageometry/coordinatetransformations.jl
CoordRefSystems,juliaearth/coordrefsystems.jl
COPSBenchmark,madnlp/copsbenchmark.jl
COPT,copt-public/copt.jl
Copulas,lrnv/copulas.jl
Corpuscles,juliaphysics/corpuscles.jl
CorrectMatch,computationalprivacy/correctmatch.jl
CorrelationFunctions,fatimp/correlationfunctions.jl
COSMO,oxfordcontrol/cosmo.jl
CosmoCentral,marcobonici/cosmocentral.jl
Cosmology,juliaastro/cosmology.jl
CoulombIntegrals,juliaatoms/coulombintegrals.jl
CounterfactualExplanations,juliatrustworthyai/counterfactualexplanations.jl
CounterfactualRegret,whifflefish/counterfactualregret.jl
CountFlops,charleskawczynski/countflops.jl
CountTimeSeries,manuelstapper/counttimeseries.jl
CoupledElectricMagneticDipoles,augustinmuster/coupledelectricmagneticdipoles.jl
CovarianceEstimation,mateuszbaran/covarianceestimation.jl
CovarianceFunctions,sebastianament/covariancefunctions.jl
CovarianceMatrices,gragusa/covariancematrices.jl
Coverage,juliaci/coverage.jl
CoverageTools,juliaci/coveragetools.jl
CovidCountyDash,mbauman/covidcountydash.jl
CPLEX,jump-dev/cplex.jl
CppInterOp,gnimuc/cppinterop.jl
CpuId,m-j-w/cpuid.jl
CPUSummary,juliasimd/cpusummary.jl
Crayons,kristofferc/crayons.jl
CRC,andrewcooke/crc.jl
CRC32,juliaio/crc32.jl
CriticalTransitions,juliadynamics/criticaltransitions.jl
CRlibm,juliaintervals/crlibm.jl
Cropbox,cropbox/cropbox.jl
CRRao,xkdr/crrao.jl
CrudePythonTranslator,gunnarfarneback/crudepythontranslator.jl
Crux,sisl/crux.jl
CryoGrid,cryogrid/cryogrid.jl
CryptoDashApp,vnegi10/cryptodashapp.jl
CryptoExchangeAPIs,bhftbootcamp/cryptoexchangeapis.jl
CryptoSignatures,peacefounder/cryptosignatures.jl
CrystalInfoFramework,jamesrhester/crystalinfoframework.jl
Crystalline,thchr/crystalline.jl
CrystalNets,coudertlab/crystalnets.jl
CSDP,jump-dev/csdp.jl
CSetAutomorphisms,algebraicjulia/csetautomorphisms.jl
CSSMakieLayout,quantumsavory/cssmakielayout.jl
CSTParser,julia-vscode/cstparser.jl
CSV,juliadata/csv.jl
CSVFiles,queryverse/csvfiles.jl
CSyntax,gnimuc/csyntax.jl
CTBase,control-toolbox/ctbase.jl
CTDirect,control-toolbox/ctdirect.jl
Cthulhu,juliadebug/cthulhu.jl
Cuba,giordano/cuba.jl
Cubature,juliamath/cubature.jl
CubedSphere,clima/cubedsphere.jl
CubicEoS,vvpisarev/cubiceos.jl
CubicHermiteSpline,liuyxpp/cubichermitespline.jl
CUBScout,gus-pendleton/cubscout.jl
CUDA,juliagpu/cuda.jl
CUDD,sisl/cudd.jl
CUDSS,exanauts/cudss.jl
Cumulants,iitis/cumulants.jl
CumulantsFeatures,iitis/cumulantsfeatures.jl
cuPDLP,jinwen-yang/cupdlp.jl
CuratedSystemImages,michaelhatherly/curatedsystemimages.jl
CurlHTTP,bluesmoon/curlhttp.jl
CurricularAnalytics,curricularanalytics/curricularanalytics.jl
Curry,orbots/curry.jl
CurveFit,pjabardo/curvefit.jl
CUSOLVERRF,exanauts/cusolverrf.jl
CustomUnitRanges,juliaarrays/customunitranges.jl
CUTEst,juliasmoothoptimizers/cutest.jl
CuTropicalGEMM,tensorbfs/cutropicalgemm.jl
CuYao,quantumbfs/cuyao.jl
CVRPLIB,chkwon/cvrplib.jl
CVRPSEP,chkwon/cvrpsep.jl
Cxx,juliainterop/cxx.jl
CxxWrap,juliainterop/cxxwrap.jl
D3Trees,sisl/d3trees.jl
DaemonConductor,tecosaur/daemonconductor.jl
DaemonMode,dmolina/daemonmode.jl
Dagger,juliaparallel/dagger.jl
DaggerArrays,juliaparallel/daggerarrays.jl
DaggerFlux,fluxml/daggerflux.jl
DaggerGPU,juliagpu/daggergpu.jl
DagScheduler,juliaparallel/dagscheduler.jl
Damask,damask-multiphysics/damask.jl
DAMMmodel,cupofteaproject/dammmodel.jl
DAQP,darnstrom/daqp.jl
Dash,plotly/dash.jl
DashBio,plotly/dashbio.jl
DashCytoscape,plotly/dashcytoscape.jl
DASKR,sciml/daskr.jl
DASSL,sciml/dassl.jl
DataAPI,juliadata/dataapi.jl
DataAssim,alexander-barth/dataassim.jl
DataAugmentation,fluxml/dataaugmentation.jl
DataCurator,bencardoen/datacurator.jl
DataDeps,oxinabox/datadeps.jl
DataDrivenDiffEq,sciml/datadrivendiffeq.jl
DataDrop,petrkryslucsd/datadrop.jl
DataEnvelopmentAnalysis,javierbarbero/dataenvelopmentanalysis.jl
DataFlowTasks,maltezfaria/dataflowtasks.jl
DataFrameIntervals,beacon-biosignals/dataframeintervals.jl
DataFrameMacros,jkrumbiegel/dataframemacros.jl
DataFrames,juliadata/dataframes.jl
DataFramesMeta,juliadata/dataframesmeta.jl
DatagenCopulaBased,iitis/datagencopulabased.jl
DataGraphs,itensor/datagraphs.jl
DataInterpolations,sciml/datainterpolations.jl
DataKnots,mechanicalrabbit/dataknots.jl
DataScienceTraits,juliaml/datasciencetraits.jl
DataSets,juliacomputing/datasets.jl
DataSkimmer,hasnep/dataskimmer.jl
DataStructures,juliacollections/datastructures.jl
DataToolkit,tecosaur/datatoolkit.jl
DataToolkitCommon,tecosaur/datatoolkitcommon.jl
DataToolkitCore,tecosaur/datatoolkitcore.jl
DataTools,juliafolds/datatools.jl
DataTypesBasic,juliafunctional/datatypesbasic.jl
Dataverse,gdcc/dataverse.jl
DataViewer,triscale-innov/dataviewer.jl
DBConnector,juliadatabases/dbconnector.jl
DBFTables,juliadata/dbftables.jl
DBInterface,juliadatabases/dbinterface.jl
DCISolver,juliasmoothoptimizers/dcisolver.jl
DCorrelators,zongyongyue/dcorrelators.jl
DDEBifurcationKit,bifurcationkit/ddebifurcationkit.jl
DebugAdapter,julia-vscode/debugadapter.jl
Debugger,juliadebug/debugger.jl
DebuggerFramework,juliadebug/debuggerframework.jl
DECAES,jondeuce/decaes.jl
Decapodes,algebraicjulia/decapodes.jl
DecFP,juliamath/decfp.jl
Decimals,juliamath/decimals.jl
DecisionProgramming,gamma-opt/decisionprogramming.jl
DecisionTree,juliaai/decisiontree.jl
DecisionTrees,kafisatz/decisiontrees.jl
DecomposingPolynomialSystems,multivariatepolynomialsystems/decomposingpolynomialsystems.jl
DeconvOptim,roflmaostc/deconvoptim.jl
Dedispersion,astrogewgaw/dedispersion.jl
Deductive,ctrekker/deductive.jl
DeepAR,josemanuel22/deepar.jl
DeepCompartmentModels,janssena/deepcompartmentmodels.jl
DeepDiffs,ssfrr/deepdiffs.jl
DeepEquilibriumNetworks,sciml/deepequilibriumnetworks.jl
DeepFry,juliawtf/deepfry.jl
DeepQLearning,juliapomdp/deepqlearning.jl
DeepRL,mkschleg/deeprl.jl
DeepSimulatedMoments,jldc/deepsimulatedmoments.jl
DefaultApplication,tpapp/defaultapplication.jl
Delaunator,juliageometry/delaunator.jl
DelaunayTriangulation,juliageometry/delaunaytriangulation.jl
DelayDiffEq,sciml/delaydiffeq.jl
DelayedKalmanFilter,burtonjosh/delayedkalmanfilter.jl
DelayEmbeddings,juliadynamics/delayembeddings.jl
DelaySSAToolkit,xiaomingfu2013/delayssatoolkit.jl
DelimitedFiles,juliadata/delimitedfiles.jl
DeltaDTM,evetion/deltadtm.jl
DeltaRCWA,lxvm/deltarcwa.jl
DemoCards,juliadocs/democards.jl
Deno_jll,juliabinarywrappers/deno_jll.jl
DenoisingDiffusion,liorsinai/denoisingdiffusion.jl
DensityInterface,juliamath/densityinterface.jl
DensityRatioEstimation,juliaml/densityratioestimation.jl
DepotCompactor,juliaci/depotcompactor.jl
DepotDelivery,juliacomputing/depotdelivery.jl
DeprecateKeywords,milescranmer/deprecatekeywords.jl
DerivativeFreeSolvers,juliasmoothoptimizers/derivativefreesolvers.jl
Descartes,juliageometry/descartes.jl
DescriptorSystems,andreasvarga/descriptorsystems.jl
Desmos,hyrodium/desmos.jl
deSolveDiffEq,sciml/desolvediffeq.jl
Determinantal,dahtah/determinantal.jl
Devito,chevronetc/devito.jl
DevOnly,thautwarm/devonly.jl
DFControl,louisponet/dfcontrol.jl
DFTforge,kaist-elst/dftforge.jl
DftFunctionals,juliamolsim/dftfunctionals.jl
DFTK,juliamolsim/dftk.jl
DGGS,danlooo/dggs.jl
Diagonalizations,marco-congedo/diagonalizations.jl
DiagrammaticEquations,algebraicjulia/diagrammaticequations.jl
Diary,dalum/diary.jl
Dice,tractables/dice.jl
DICOM,juliahealth/dicom.jl
DICOMTree,juliahealth/dicomtree.jl
Dictionaries,andyferris/dictionaries.jl
Dierckx,kbarbary/dierckx.jl
DietRecommender,kavir1698/dietrecommender.jl
DiffDynProg,michielstock/diffdynprog.jl
DiffEqBase,sciml/diffeqbase.jl
DiffEqBayes,sciml/diffeqbayes.jl
DiffEqCallbacks,sciml/diffeqcallbacks.jl
DiffEqDevDocs,sciml/diffeqdevdocs.jl
DiffEqDevTools,sciml/diffeqdevtools.jl
DiffEqDocs,sciml/diffeqdocs.jl
DiffEqFinancial,sciml/diffeqfinancial.jl
DiffEqFlux,sciml/diffeqflux.jl
DiffEqGPU,sciml/diffeqgpu.jl
DiffEqNoiseProcess,sciml/diffeqnoiseprocess.jl
DiffEqOperators,sciml/diffeqoperators.jl
DiffEqParamEstim,sciml/diffeqparamestim.jl
DiffEqPhysics,sciml/diffeqphysics.jl
DiffEqProblemLibrary,sciml/diffeqproblemlibrary.jl
DifferenceEquations,sciml/differenceequations.jl
DifferentiableAdaptiveGames,xinjie-liu/differentiableadaptivegames.jl
DifferentiableCollisions,kevin-tracy/differentiablecollisions.jl
DifferentiableEigen,thummeto/differentiableeigen.jl
DifferentiableExpectations,juliadecisionfocusedlearning/differentiableexpectations.jl
DifferentiableFactorizations,mohamed82008/differentiablefactorizations.jl
DifferentiableFrankWolfe,juliadecisionfocusedlearning/differentiablefrankwolfe.jl
DifferentiableMetabolism,stelmo/differentiablemetabolism.jl
DifferentiableStateSpaceModels,highdimensionaleconlab/differentiablestatespacemodels.jl
DifferentiableTrajectoryOptimization,lassepe/differentiabletrajectoryoptimization.jl
DifferentialEquations,sciml/differentialequations.jl
DifferentialEvolutionMCMC,itsdfish/differentialevolutionmcmc.jl
DifferentialForms,eschnett/differentialforms.jl
DifferentiationInterface,gdalle/differentiationinterface.jl
DiffFusion,frame-consulting/difffusion.jl
DiffImages,fluxml/diffimages.jl
DiffinDiffs,juliadiffindiffs/diffindiffs.jl
DiffKrylov,juliasmoothoptimizers/diffkrylov.jl
DiffOpt,jump-dev/diffopt.jl
Diffractor,juliadiff/diffractor.jl
DiffResults,juliadiff/diffresults.jl
DiffRules,juliadiff/diffrules.jl
DiffTests,juliadiff/difftests.jl
Diffusers,julianeuralgraphics/diffusers.jl
DiffusionMap,simonensemble/diffusionmap.jl
Diffusions,murrellgroup/diffusions.jl
DigitalComm,juliatelecom/digitalcomm.jl
DigitRobot,adubredu/digitrobot.jl
DimensionalArrayTraits,juliageo/dimensionalarraytraits.jl
DimensionalData,rafaqz/dimensionaldata.jl
DimensionalPlotRecipes,sciml/dimensionalplotrecipes.jl
DimensionfulAngles,cmichelenstrofer/dimensionfulangles.jl
Dimensionless,martinkosch/dimensionless.jl
DIMESampler,gboehl/dimesampler.jl
DINCAE,gher-uliege/dincae.jl
Dionysos,dionysos-dev/dionysos.jl
DirectedAcyclicGraphs,tractables/directedacyclicgraphs.jl
DirectQhull,juhaheiskala/directqhull.jl
DirectSearch,imperialcollegelondon/directsearch.jl
DirectSum,chakravala/directsum.jl
Discord,xh4h/discord.jl
Discorder,tk3369/discorder.jl
Discreet,cynddl/discreet.jl
DiscreteChoiceModels,mattwigway/discretechoicemodels.jl
DiscreteEvents,juliadynamics/discreteevents.jl
DiscretePIDs,juliacontrol/discretepids.jl
DiscreteValueIteration,juliapomdp/discretevalueiteration.jl
Discretizers,sisl/discretizers.jl
DisjunctiveProgramming,hdavid16/disjunctiveprogramming.jl
DiskArrayEngine,meggart/diskarrayengine.jl
DiskArrays,meggart/diskarrays.jl
DiskArrayTools,meggart/diskarraytools.jl
DiskBackedDicts,jw3126/diskbackeddicts.jl
DispatchDoctor,milescranmer/dispatchdoctor.jl
Dispersal,cesaraustralia/dispersal.jl
DispersiveShallowWater,joshualampert/dispersiveshallowwater.jl
Displaz,c42f/displaz.jl
Distances,juliastats/distances.jl
DistanceTransforms,molloilab/distancetransforms.jl
DistMesh,juliageometry/distmesh.jl
DistMesh2D,jstarczewski/distmesh2d.jl
Distributed,julialang/distributed.jl
DistributedArrays,juliaparallel/distributedarrays.jl
DistributedFactorGraphs,juliarobotics/distributedfactorgraphs.jl
DistributedHyperOpt,thummeto/distributedhyperopt.jl
DistributedRelaxationTimes,maximevh/distributedrelaxationtimes.jl
DistributedSparseGrids,baxmittens/distributedsparsegrids.jl
DistributedWorkflows,firoozehdastur/distributedworkflows.jl
DistributionMeasures,oschulz/distributionmeasures.jl
Distributions,juliastats/distributions.jl
DistributionsAD,turinglang/distributionsad.jl
DistStat,kose-y/diststat.jl
DitherPunk,juliaimages/ditherpunk.jl
DIVAnd,gher-uliege/divand.jl
Divergences,gragusa/divergences.jl
Diversity,ecojulia/diversity.jl
DJUICE,dj4earth/djuice.jl
DLMReader,sl-solution/dlmreader.jl
DLPack,pabloferz/dlpack.jl
DMRJtensor,bakerte/dmrjtensor.jl
DMUStudent,cu-adcl/dmustudent.jl
DocAnything,emmaccode/docanything.jl
DocOpt,docopt/docopt.jl
DocsEcon,bankofcanada/docsecon.jl
DocsScraper,juliagenai/docsscraper.jl
DocStringExtensions,juliadocs/docstringextensions.jl
DocumentationGenerator,juliadocs/documentationgenerator.jl
Documenter,juliadocs/documenter.jl
DocumenterCitations,juliadocs/documentercitations.jl
DocumenterDiagrams,pedromxavier/documenterdiagrams.jl
DocumenterEpub,laborg/documenterepub.jl
DocumenterInterLinks,juliadocs/documenterinterlinks.jl
DocumenterLaTeX,juliadocs/documenterlatex.jl
DocumenterMarkdown,juliadocs/documentermarkdown.jl
DocumenterMermaid,juliadocs/documentermermaid.jl
DocumenterTools,juliadocs/documentertools.jl
DocumenterVitepress,luxdl/documentervitepress.jl
DocumentFormat,julia-vscode/documentformat.jl
DocumentFunction,madsjulia/documentfunction.jl
DOI2BibTeX,thchr/doi2bibtex.jl
Dojo,dojo-sim/dojo.jl
Dolang,econforge/dolang.jl
Dolo,econforge/dolo.jl
Dolphyn,macroenergy/dolphyn.jl
DomainColoring,eprovst/domaincoloring.jl
DomainIntegrals,juliaapproximation/domainintegrals.jl
DomainSets,juliaapproximation/domainsets.jl
DotEnv,tecosaur/dotenv.jl
DotProductGraphs,gvdr/dotproductgraphs.jl
DoubleBLAS,ralphas/doubleblas.jl
DoubleDouble,juliamath/doubledouble.jl
DoubleFloats,juliamath/doublefloats.jl
Douglass,jmboehm/douglass.jl
Downloads,julialang/downloads.jl
DPFEHM,orchardlanl/dpfehm.jl
DPMMSubClusters,bgu-cs-vil/dpmmsubclusters.jl
DrawSimpleGraphs,scheinerman/drawsimplegraphs.jl
DrillHoles,juliaearth/drillholes.jl
DrMZ,brekmeuris/drmz.jl
DroneSurveillance,juliapomdp/dronesurveillance.jl
DRSOM,copt-public/drsom.jl
DrWatson,juliadynamics/drwatson.jl
DSGE,frbny-dsge/dsge.jl
DSP,juliadsp/dsp.jl
DTables,juliaparallel/dtables.jl
DualDecomposition,kibaekkim/dualdecomposition.jl
Dualization,jump-dev/dualization.jl
DualNumbers,juliadiff/dualnumbers.jl
DuBoisPlots,eirikbrandsaas/duboisplots.jl
DuckDB_jll,juliabinarywrappers/duckdb_jll.jl
DuckDispatch,mrufsvold/duckdispatch.jl
DuctAPE,byuflowlab/ductape.jl
DustExtinction,juliaastro/dustextinction.jl
DWave,juliaqubo/dwave.jl
DWaveNeal,juliaqubo/dwaveneal.jl
DynamicalBilliards,juliadynamics/dynamicalbilliards.jl
DynamicalSystems,juliadynamics/dynamicalsystems.jl
DynamicalSystemsBase,juliadynamics/dynamicalsystemsbase.jl
DynamicAxisWarping,baggepinnen/dynamicaxiswarping.jl
DynamicExpressions,symbolicml/dynamicexpressions.jl
DynamicGrids,cesaraustralia/dynamicgrids.jl
DynamicHMC,tpapp/dynamichmc.jl
DynamicHMCModels,statisticalrethinkingjulia/dynamichmcmodels.jl
DynamicIterators,mschauer/dynamiciterators.jl
DynamicMarginalEmissions,degleris1/dynamicmarginalemissions.jl
DynamicMovementPrimitives,baggepinnen/dynamicmovementprimitives.jl
DynamicOED,mathopt/dynamicoed.jl
DynamicPolynomials,juliaalgebra/dynamicpolynomials.jl
DynamicPPL,turinglang/dynamicppl.jl
DynamicQuantities,symbolicml/dynamicquantities.jl
DynamicSparseArrays,atoptima/dynamicsparsearrays.jl
DynamicSumTypes,juliadynamics/dynamicsumtypes.jl
Dynare,dynarejulia/dynare.jl
e3nn,dsantra92/e3nn.jl
E4ST,e4st-dev/e4st.jl
EAGO,psorlab/eago.jl
EarCut,juliageometry/earcut.jl
EarlyStopping,juliaai/earlystopping.jl
Earth4All,worlddynamics/earth4all.jl
EarthDataLab,juliadatacubes/earthdatalab.jl
EarthEngine,kmarkert/earthengine.jl
EarthOrientation,juliaastro/earthorientation.jl
EasyABM,renusolanki/easyabm.jl
EasyConfig,juliacomputing/easyconfig.jl
EasyCurl,bhftbootcamp/easycurl.jl
EasyFFTs,kronosthelate/easyffts.jl
EasyFit,m3g/easyfit.jl
EasyFITS,emmt/easyfits.jl
EasyJobs,mineralscloud/easyjobs.jl
EasyModelAnalysis,sciml/easymodelanalysis.jl
EasyRanges,emmt/easyranges.jl
EasyVega,fredo-dedup/easyvega.jl
EBIC,epistasislab/ebic.jl
ECharts,randyzwitch/echarts.jl
EcoBase,ecojulia/ecobase.jl
EcologicalNetworks,poisotlab/ecologicalnetworks.jl
EcologicalNetworksDynamics,beckslab/ecologicalnetworksdynamics.jl
EconomicScenarioGenerators,juliaactuary/economicscenariogenerators.jl
EconoSim,happonomyorg/econosim.jl
EconPDEs,matthieugomez/econpdes.jl
ECOS,jump-dev/ecos.jl
EcoSISTEM,ecojulia/ecosistem.jl
EDF,beacon-biosignals/edf.jl
EDKit,jayren3996/edkit.jl
EffectiveWaves,juliawavescattering/effectivewaves.jl
Effects,beacon-biosignals/effects.jl
EfficientFrontier,pharosabad/efficientfrontier.jl
EFIT,juliafusion/efit.jl
EFTfitter,tudo-physik-e4/eftfitter.jl
Egbert,hectorpeeters/egbert.jl
Eglob,bmc/eglob.jl
Eikonal,triscale-innov/eikonal.jl
Eirene,eetion/eirene.jl
ElasticArrays,juliaarrays/elasticarrays.jl
ElasticsearchClient,larswl/elasticsearchclient.jl
ElasticSurfaceEmbedding,hyrodium/elasticsurfaceembedding.jl
ElasticWaves,juliawavescattering/elasticwaves.jl
ElectricalEngineering,christiankral/electricalengineering.jl
ElectricGrid,upb-lea/electricgrid.jl
ElectrochemicalKinetics,battmodels/electrochemicalkinetics.jl
Electron,davidanthoff/electron.jl
ElectronPhonon,jaemolihm/electronphonon.jl
Electrum,brainandforce/electrum.jl
Elemental,juliaparallel/elemental.jl
EllipsisNotation,sciml/ellipsisnotation.jl
EllipticalSliceSampling,turinglang/ellipticalslicesampling.jl
EllipticFunctions,stla/ellipticfunctions.jl
Elly,juliaparallel/elly.jl
Embeddings,juliatext/embeddings.jl
EMISAgentSimulation,nrel/emisagentsimulation.jl
Emojify,ilia-kats/emojify.jl
EmojiSymbols,wookay/emojisymbols.jl
EmpiricalCDFs,jlapeyre/empiricalcdfs.jl
EmpiricalDistributions,oschulz/empiricaldistributions.jl
EmpiricalModeDecomposition,felixcremer/empiricalmodedecomposition.jl
Empirikos,nignatiadis/empirikos.jl
Emporium,abelsiqueira/emporium.jl
EmsComputer,emmaccode/emscomputer.jl
EMSx,adrien-le-franc/emsx.jl
EndoBeams,bisighinibeatrice/endobeams.jl
EndpointRanges,juliaarrays/endpointranges.jl
EnergyModelsBase,energymodelsx/energymodelsbase.jl
EnglishText,totalverb/englishtext.jl
EngThermBase,jengtherm/engthermbase.jl
Enlsip,uncertainlab/enlsip.jl
EnsembleKalmanProcesses,clima/ensemblekalmanprocesses.jl
EntropyHub,mattwillflood/entropyhub.jl
EntropyStableEuler,jlchan/entropystableeuler.jl
EnvironmentGraph,kristofferc/environmentgraph.jl
Enzyme,enzymead/enzyme.jl
Ephemerides,juliaspacemissiondesign/ephemerides.jl
Epicrop,adamhsparks/epicrop.jl
EpistemicNetworkAnalysis,snotskie/epistemicnetworkanalysis.jl
Equations,jhlq/equations.jl
EquationsOfStateOfSolids,mineralscloud/equationsofstateofsolids.jl
eQuilibrator,stelmo/equilibrator.jl
Equilibrium,juliafusion/equilibrium.jl
EquivalentCircuits,maximevh/equivalentcircuits.jl
EquivariantModels,acesuit/equivariantmodels.jl
EquivariantOperators,aced-differentiate/equivariantoperators.jl
EqWS,andrew-saydjari/eqws.jl
ERA5Reanalysis,natgeo-wong/era5reanalysis.jl
Erebus,formingworlds/erebus.jl
ERFA,juliaastro/erfa.jl
ErgodicControl,dressel/ergodiccontrol.jl
ErrorsInVariables,jbytecode/errorsinvariables.jl
Escher,juliagizmos/escher.jl
ESDG,jlchan/esdg.jl
Espresso,dfdx/espresso.jl
EspyInsideFunction,philippemaincon/espyinsidefunction.jl
EstimatingEquationsRegression,kshedden/estimatingequationsregression.jl
Estimation,juliadsp/estimation.jl
EuclidGraphs,juliamltools/euclidgraphs.jl
Euterpe,squidsinker/euterpe.jl
EvalMetrics,vaclavmacha/evalmetrics.jl
EventEmitter,spirit-x64/eventemitter.jl
EventStudyInteracts,xiaobaaaa/eventstudyinteracts.jl
EverySingleStreet,wikunia/everysinglestreet.jl
EvidentialFlux,doktormike/evidentialflux.jl
EvoLinear,jeremiedb/evolinear.jl
EvoLP,ntnu-ai-lab/evolp.jl
Evolutionary,wildart/evolutionary.jl
EvoTrees,evovest/evotrees.jl
ExaAdmm,exanauts/exaadmm.jl
ExactDiagonalization,quantum-many-body/exactdiagonalization.jl
ExactFieldSolutions,tduretz/exactfieldsolutions.jl
ExactODEReduction,x3042/exactodereduction.jl
ExactOptimalTransport,juliaoptimaltransport/exactoptimaltransport.jl
ExactPredicates,lairez/exactpredicates.jl
ExaModels,exanauts/examodels.jl
Example,julialang/example.jl
ExaPF,exanauts/exapf.jl
ExaTron,exanauts/exatron.jl
ExBroadcast,n5n3/exbroadcast.jl
ExcelFiles,queryverse/excelfiles.jl
ExcelReaders,queryverse/excelreaders.jl
ExceptionUnwrapping,juliaservices/exceptionunwrapping.jl
ExifViewer,juliaimages/exifviewer.jl
Exodus,cmhamel/exodus.jl
ExoplanetsSysSim,exojulia/exoplanetssyssim.jl
ExpandNestedData,mrufsvold/expandnesteddata.jl
ExpectationMaximization,dmetivie/expectationmaximization.jl
Expectations,quantecon/expectations.jl
ExperienceAnalysis,juliaactuary/experienceanalysis.jl
ExpiringCaches,juliaservices/expiringcaches.jl
ExplainableAI,julia-xai/explainableai.jl
ExplicitImports,ericphanson/explicitimports.jl
ExponentialAction,sethaxen/exponentialaction.jl
ExponentialFamily,reactivebayes/exponentialfamily.jl
ExponentialFamilyProjection,reactivebayes/exponentialfamilyprojection.jl
ExponentialUtilities,sciml/exponentialutilities.jl
Express,mineralscloud/express.jl
ExpressionExplorer,juliapluto/expressionexplorer.jl
ExpressionTreeForge,juliasmoothoptimizers/expressiontreeforge.jl
Expronicon,roger-luo/expronicon.jl
ExproniconLite,roger-luo/exproniconlite.jl
ExprParsers,jolin-io/exprparsers.jl
ExprRules,sisl/exprrules.jl
ExprTools,invenia/exprtools.jl
ExtendableGrids,j-fu/extendablegrids.jl
ExtendableSparse,j-fu/extendablesparse.jl
ExtensibleEffects,juliafunctional/extensibleeffects.jl
ExTinyMD,hpmolsim/extinymd.jl
Extrae,bsc-quantic/extrae.jl
Extremes,jojal5/extremes.jl
ExtremeStats,juliaearth/extremestats.jl
ExtXYZ,libatoms/extxyz.jl
Eyeball,tshort/eyeball.jl
EzXML,juliaio/ezxml.jl
Fable,leios/fable.jl
FaceDetection,jakewilliami/facedetection.jl
FacilityLocationProblems,rafaelmartinelli/facilitylocationproblems.jl
FactoredValueMCTS,juliapomdp/factoredvaluemcts.jl
FactorRotations,p-gw/factorrotations.jl
Fairness,ashryaagr/fairness.jl
FamilyComputer,kitta65/familycomputer.jl
FaradayInternationalReferenceIonosphere,fgasdia/faradayinternationalreferenceionosphere.jl
FastAI,fluxml/fastai.jl
FastaIO,carlobaldassi/fastaio.jl
FastAlmostBandedMatrices,sciml/fastalmostbandedmatrices.jl
Fastback,rbeeli/fastback.jl
FastBroadcast,yingboma/fastbroadcast.jl
FastChebInterp,juliamath/fastchebinterp.jl
FastDifferentiation,brianguenter/fastdifferentiation.jl
FastGaussQuadrature,juliaapproximation/fastgaussquadrature.jl
FastGeoProjections,alex-s-gardner/fastgeoprojections.jl
FastIce,ptsolvers/fastice.jl
FastIsostasy,janjereczek/fastisostasy.jl
FastLapackInterface,dynarejulia/fastlapackinterface.jl
FastLocalCorrelationCoefficients,pitsianis/fastlocalcorrelationcoefficients.jl
FastmathOverlay,vchuravy/fastmathoverlay.jl
FastOPInterpolation,nicolasw1/fastopinterpolation.jl
FastPow,juliamath/fastpow.jl
FastPriorityQueues,gdalle/fastpriorityqueues.jl
FASTQ,katharineme/fastq.jl
FastRationals,jeffreysarnoff/fastrationals.jl
FastSphericalHarmonics,eschnett/fastsphericalharmonics.jl
FastTransforms,juliaapproximation/fasttransforms.jl
FASTX,biojulia/fastx.jl
Fatou,chakravala/fatou.jl
FaultDetectionTools,andreasvarga/faultdetectiontools.jl
FBCModelTests,lcsb-biocore/fbcmodeltests.jl
FCFV_Geodynamics,tduretz/fcfv_geodynamics.jl
FdeSolver,juliaturkudatascience/fdesolver.jl
FeatureRegistries,lorenzoh/featureregistries.jl
FEBio,febiosoftware/febio.jl
FeedbackParticleFilters,simsurace/feedbackparticlefilters.jl
FeedbackStackelbergGames,jamesjingqili/feedbackstackelberggames.jl
FEFMM,jbmuir/fefmm.jl
FEniCS,sciml/fenics.jl
Fenrir,nathanaelbosch/fenrir.jl
Fermi,fermiqc/fermi.jl
Ferrite,ferrite-fem/ferrite.jl
FerriteCohesiveZones,kimauth/ferritecohesivezones.jl
FerriteDistributed,ferrite-fem/ferritedistributed.jl
FerriteGmsh,ferrite-fem/ferritegmsh.jl
FerriteInterfaceElements,ferrite-fem/ferriteinterfaceelements.jl
FerriteViz,ferrite-fem/ferriteviz.jl
FewSpecialFunctions,martinmikkelsen/fewspecialfunctions.jl
FeynmanDiagram,numericaleft/feynmandiagram.jl
FFMPEG,juliaio/ffmpeg.jl
FFTA,dannys4/ffta.jl
FFTViews,juliaarrays/fftviews.jl
FFTW,juliamath/fftw.jl
FHIRClient,juliahealth/fhirclient.jl
FHist,moelf/fhist.jl
FiberNlse,brian-sinquin/fibernlse.jl
Fibers,lincbrain/fibers.jl
FieldAlgebra,chakravala/fieldalgebra.jl
FieldDefaults,rafaqz/fielddefaults.jl
FieldFlags,seelengrab/fieldflags.jl
FieldMetadata,rafaqz/fieldmetadata.jl
Figgy,juliaservices/figgy.jl
FileCmp,jlapeyre/filecmp.jl
FileIO,juliaio/fileio.jl
FilePathsBase,rofinn/filepathsbase.jl
FileTrees,shashi/filetrees.jl
FileTypes,juliaio/filetypes.jl
FillArrays,juliaarrays/fillarrays.jl
FinanceModels,juliaactuary/financemodels.jl
FinancialDerivatives,juliaquant/financialderivatives.jl
FinancialDSL,financialdsl/financialdsl.jl
FinancialMonteCarlo,rcalxrc08/financialmontecarlo.jl
FinancialToolbox,rcalxrc08/financialtoolbox.jl
Finch,willow-ahrens/finch.jl
FindFirstFunctions,sciml/findfirstfunctions.jl
FindPeaks1D,ymtoo/findpeaks1d.jl
FindSteadyStates,stevengogogo/findsteadystates.jl
FinElt,billmclean/finelt.jl
FinEtools,petrkryslucsd/finetools.jl
FinEtoolsAcoustics,petrkryslucsd/finetoolsacoustics.jl
FinEtoolsDeforLinear,petrkryslucsd/finetoolsdeforlinear.jl
FinEtoolsFlexStructures,petrkryslucsd/finetoolsflexstructures.jl
FinEtoolsHeatDiff,petrkryslucsd/finetoolsheatdiff.jl
FinEtoolsVoxelMesher,petrkryslucsd/finetoolsvoxelmesher.jl
FiniteDiff,juliadiff/finitediff.jl
FiniteDifferences,juliadiff/finitedifferences.jl
FiniteGroups,jayren3996/finitegroups.jl
FiniteHorizonGramians,filtron/finitehorizongramians.jl
FiniteHorizonPOMDPs,juliapomdp/finitehorizonpomdps.jl
FiniteLattices,qiaoyi-li/finitelattices.jl
FiniteMPS,qiaoyi-li/finitemps.jl
FiniteStateProjection,sciml/finitestateprojection.jl
FiniteVolumeMethod,sciml/finitevolumemethod.jl
FINUFFT,ludvigak/finufft.jl
Fire,ylxdzsw/fire.jl
Firebase,ashwani-rathee/firebase.jl
Firebird,nakagami/firebird.jl
FIRLSFilterDesign,ltjkoomen/firlsfilterdesign.jl
FirstOrderLp,google-research/firstorderlp.jl
FisherPlot,marcobonici/fisherplot.jl
Fite2dmt,dienodiba/fite2dmt.jl
FITSIO,juliaastro/fitsio.jl
Five,lijas/five.jl
FixArgs,goretkin/fixargs.jl
FixedEffectModels,fixedeffects/fixedeffectmodels.jl
FixedEffects,fixedeffects/fixedeffects.jl
FixedPointAcceleration,s-baumann/fixedpointacceleration.jl
FixedPointDecimals,juliamath/fixedpointdecimals.jl
FixedPointNumbers,juliamath/fixedpointnumbers.jl
FixedSizeArrays,juliaarrays/fixedsizearrays.jl
FixedWidthTables,juliaaplavin/fixedwidthtables.jl
FLAC,juliaio/flac.jl
FlameGraphs,timholy/flamegraphs.jl
FlashAttention,yichengdwu/flashattention.jl
FlashWeave,meringlab/flashweave.jl
FlatGeobuf,evetion/flatgeobuf.jl
FletcherPenaltySolver,juliasmoothoptimizers/fletcherpenaltysolver.jl
FlexibleSpacecraft,mizu49/flexiblespacecraft.jl
FlexiJoins,juliaaplavin/flexijoins.jl
FlexiMaps,juliaaplavin/fleximaps.jl
FlexPlan,electa-git/flexplan.jl
FlightSims,jinraekim/flightsims.jl
Float8s,juliamath/float8s.jl
FLoops,juliafolds/floops.jl
FLOWFarm,byuflowlab/flowfarm.jl
FlowGenerator,loti45/flowgenerator.jl
FLOWMath,byuflowlab/flowmath.jl
FLOWPanel,byuflowlab/flowpanel.jl
FLOWVPM,byuflowlab/flowvpm.jl
FLOYao,quantumbfs/floyao.jl
Flux,fluxml/flux.jl
Flux3D,fluxml/flux3d.jl
FluxArchitectures,sdobber/fluxarchitectures.jl
FluxDistributed,dhairyalgandhi/fluxdistributed.jl
FluxKAN,cometscome/fluxkan.jl
FluxMLBenchmarks,fluxml/fluxmlbenchmarks.jl
FluxMPI,avik-pal/fluxmpi.jl
FluxNLPModels,juliasmoothoptimizers/fluxnlpmodels.jl
FluxOptTools,baggepinnen/fluxopttools.jl
Fluxperimental,fluxml/fluxperimental.jl
FluxPrune,darsnack/fluxprune.jl
FluxReconstruction,vavrines/fluxreconstruction.jl
FluxTraining,fluxml/fluxtraining.jl
FlyThroughPaths,holylab/flythroughpaths.jl
FMI,thummeto/fmi.jl
FMIBuild,thummeto/fmibuild.jl
FMICore,thummeto/fmicore.jl
FMIExchange,electa-git/fmiexchange.jl
FMIExport,thummeto/fmiexport.jl
FMIFlux,thummeto/fmiflux.jl
FMIImport,thummeto/fmiimport.jl
FMISensitivity,thummeto/fmisensitivity.jl
FMIZoo,thummeto/fmizoo.jl
FMRay,nbrantut/fmray.jl
FNO-NF,slimgroup/fno-nf.jl
FocusedBlindDecon,pawbz/focusedblinddecon.jl
FoldingTrees,juliacollections/foldingtrees.jl
Folds,juliafolds2/folds.jl
FoldsCUDA,juliafolds/foldscuda.jl
Fontconfig,juliagraphics/fontconfig.jl
ForeignCallbacks,vchuravy/foreigncallbacks.jl
Foresight,brendanjohnharris/foresight.jl
Format,juliastring/format.jl
FormatSpecimens,biojulia/formatspecimens.jl
Formatting,juliaio/formatting.jl
ForneyLab,biaslab/forneylab.jl
FortranFiles,traktofon/fortranfiles.jl
Fortuna,akchurinda/fortuna.jl
ForwardDiff,juliadiff/forwarddiff.jl
ForwardDiffChainRules,thummeto/forwarddiffchainrules.jl
ForwardDiffOverMeasurements,longemen3000/forwarddiffovermeasurements.jl
ForwardDiffPullbacks,oschulz/forwarddiffpullbacks.jl
ForwardMethods,curtd/forwardmethods.jl
FourierAnalysis,marco-congedo/fourieranalysis.jl
FourierFlows,fourierflows/fourierflows.jl
FourierGPE,ashtonsbradley/fouriergpe.jl
FourierSeries,christiankral/fourierseries.jl
FourierTools,bionanoimaging/fouriertools.jl
FRAC,jamesbrandecon/frac.jl
FractalDimensions,juliadynamics/fractaldimensions.jl
FractionalCalculus,scifracx/fractionalcalculus.jl
FractionalDiffEq,scifracx/fractionaldiffeq.jl
FractionalSystems,scifracx/fractionalsystems.jl
FrameFun,juliaapproximation/framefun.jl
FrameTransformations,juliaspacemissiondesign/frametransformations.jl
FrankenTuples,ararslan/frankentuples.jl
Franklin,tlienart/franklin.jl
FrankWolfe,zib-iol/frankwolfe.jl
FredData,micahjsmith/freddata.jl
Free2Pee,free2pee/free2pee.jl
Freenect,dmillard/freenect.jl
FreeType,juliagraphics/freetype.jl
FreeTypeAbstraction,juliagraphics/freetypeabstraction.jl
FreezeCurves,cryogrid/freezecurves.jl
FreqTables,nalimilan/freqtables.jl
Fresa,ericsfraga/fresa.jl
FromFile,roger-luo/fromfile.jl
Fronts,gerlero/fronts.jl
FSimBase,jinraekim/fsimbase.jl
FSimZoo,jinraekim/fsimzoo.jl
FullNetworkModels,invenia/fullnetworkmodels.jl
FullNetworkSystems,invenia/fullnetworksystems.jl
FunctionAccuracyTests,juliamath/functionaccuracytests.jl
FunctionalCollections,juliacollections/functionalcollections.jl
FunctionalStateMachine,juliarobotics/functionalstatemachine.jl
FunctionProperties,sciml/functionproperties.jl
FunctionTabulations,aurelio-amerio/functiontabulations.jl
FunctionWrappers,yuyichao/functionwrappers.jl
FunctionWrappersWrappers,sciml/functionwrapperswrappers.jl
FunctionZeros,juliamath/functionzeros.jl
Functors,fluxml/functors.jl
FundamentalsNumericalComputation,tobydriscoll/fundamentalsnumericalcomputation.jl
FundamentosDMC,m3g/fundamentosdmc.jl
FunSQL,mechanicalrabbit/funsql.jl
FutureTagBot,juliaregistries/futuretagbot.jl
Fuzz,danluu/fuzz.jl
FuzzyCompletions,junolab/fuzzycompletions.jl
FuzzyLogic,lucaferranti/fuzzylogic.jl
Gadfly,giovineitalia/gadfly.jl
GadgetIO,ludwigboess/gadgetio.jl
GADM,juliageo/gadm.jl
GAIO,gaioguys/gaio.jl
Gaius,masonprotter/gaius.jl
GalerkinToolkit,fverdugo/galerkintoolkit.jl
Gallium,juliadebug/gallium.jl
GaloisFieldNumbers,suzhou-tongyuan/galoisfieldnumbers.jl
GaloisFields,tkluck/galoisfields.jl
GAM,hendersontrent/gam.jl
Game2048,xiaodaigh/game2048.jl
GameDataManager,yonghee-kim/gamedatamanager.jl
GameTheory,quantecon/gametheory.jl
GameZero,aviks/gamezero.jl
gams,gams-dev/gams.jl
GamsStructure,mitchphillipson/gamsstructure.jl
Garlic,cropbox/garlic.jl
GasChromatographySimulator,gaschromatographytoolbox/gaschromatographysimulator.jl
GasDispersion,aefarrell/gasdispersion.jl
GasModels,lanl-ansi/gasmodels.jl
GasPowerModels,lanl-ansi/gaspowermodels.jl
GasSteadySim,kaarthiksundar/gassteadysim.jl
Gaston,mbaz/gaston.jl
GATlab,algebraicjulia/gatlab.jl
Gattino,chifisource/gattino.jl
Gaugefields,akio-tomiya/gaugefields.jl
GaussianBasis,fermiqc/gaussianbasis.jl
GaussianMixtures,davidavdav/gaussianmixtures.jl
GaussianRandomFields,pieterjanrobbe/gaussianrandomfields.jl
GaussianRandomVariables,holylab/gaussianrandomvariables.jl
GaussianSplatting,julianeuralgraphics/gaussiansplatting.jl
GaussianSSF,ngedwin98/gaussianssf.jl
GaussQuadrature,billmclean/gaussquadrature.jl
GBD,orbots/gbd.jl
GCIdentifier,clapeyronthermo/gcidentifier.jl
GCMAES,astupidbear/gcmaes.jl
GDAL,juliageo/gdal.jl
Geant4,juliahep/geant4.jl
GemmKernels,juliagpu/gemmkernels.jl
GEMPIC,juliavlasov/gempic.jl
Gen,probcomp/gen.jl
GeneDrive,vnvasquez/genedrive.jl
GeneFinder,camilogarciabotero/genefinder.jl
GeneNetworkAPI,senresearch/genenetworkapi.jl
GeneralAstrodynamics,cadojo/generalastrodynamics.jl
GeneralizedSasakiNakamura,ricokaloklo/generalizedsasakinakamura.jl
GeneralLedger,amitxshukla/generalledger.jl
GeneratedExpressions,merck/generatedexpressions.jl
GenericArpack,dgleich/genericarpack.jl
GenericFFT,juliaapproximation/genericfft.jl
GenericLinearAlgebra,julialinearalgebra/genericlinearalgebra.jl
GenericMRRR,ralphas/genericmrrr.jl
GenericSchur,ralphas/genericschur.jl
GenericTensorNetworks,queracomputing/generictensornetworks.jl
GeneticsMakie,mmkim1210/geneticsmakie.jl
GeneticVariation,biojulia/geneticvariation.jl
GenGPT3,probcomp/gengpt3.jl
GeNIADMM,tjdiamandis/geniadmm.jl
Genie,genieframework/genie.jl
GenieAuthentication,genieframework/genieauthentication.jl
GenieAuthorisation,genieframework/genieauthorisation.jl
GenieAutoreload,genieframework/genieautoreload.jl
GenieDevTools,genieframework/geniedevtools.jl
GenieFramework,genieframework/genieframework.jl
GeniePlugins,genieframework/genieplugins.jl
GeNIOS,tjdiamandis/genios.jl
GenomicAnnotations,biojulia/genomicannotations.jl
GenomicFeatures,biojulia/genomicfeatures.jl
GenomicMaps,kdyrhage/genomicmaps.jl
GenomicVectors,phaverty/genomicvectors.jl
GenParticleFilters,probcomp/genparticlefilters.jl
GenSMCP3,probcomp/gensmcp3.jl
GenTraceKernelDSL,probcomp/gentracekerneldsl.jl
GenX,genxproject/genx.jl
GeoAcceleratedArrays,evetion/geoacceleratedarrays.jl
GeoArrays,evetion/geoarrays.jl
GeoClustering,juliohm/geoclustering.jl
GeoDataFrames,evetion/geodataframes.jl
GeoDatasets,juliageo/geodatasets.jl
Geodesics,anowacki/geodesics.jl
Geodesy,juliageo/geodesy.jl
GeoEnergyIO,sintefmath/geoenergyio.jl
GeoFormatTypes,juliageo/geoformattypes.jl
Geogram,comodo-research/geogram.jl
GeographicLib,anowacki/geographiclib.jl
GeoInterface,juliageo/geointerface.jl
GeoIO,juliaearth/geoio.jl
GeoJSON,juliageo/geojson.jl
GeoMakie,makieorg/geomakie.jl
GeometricAlgebra,jollywatt/geometricalgebra.jl
GeometricFlux,fluxml/geometricflux.jl
GeometricIntegrators,juliagni/geometricintegrators.jl
GeometricIntegratorsDiffEq,sciml/geometricintegratorsdiffeq.jl
GeometricMachineLearning,juliagni/geometricmachinelearning.jl
GeometricProblems,juliagni/geometricproblems.jl
GeometricTools,byuflowlab/geometrictools.jl
GeometryBasics,juliageometry/geometrybasics.jl
GeometryObjects,atelierarith/geometryobjects.jl
GeometryOps,juliageo/geometryops.jl
GeometryOptimization,juliamolsim/geometryoptimization.jl
GeometryPrimitives,stevengj/geometryprimitives.jl
Geomorphometry,deltares/geomorphometry.jl
GeoParams,juliageodynamics/geoparams.jl
GeoParquet,juliageo/geoparquet.jl
GeoPhyInv,pawbz/geophyinv.jl
GeophysicalFlows,fourierflows/geophysicalflows.jl
GeophysicalModelGenerator,juliageodynamics/geophysicalmodelgenerator.jl
Geophysics,chakravala/geophysics.jl
GeoRegions,juliaclimate/georegions.jl
GeoStats,juliaearth/geostats.jl
GeoStatsBase,juliaearth/geostatsbase.jl
GeoStatsImages,juliaearth/geostatsimages.jl
GeoStatsSolvers,juliohm/geostatssolvers.jl
GeoTables,juliaearth/geotables.jl
GetindexArrays,juliaarrays/getindexarrays.jl
Gettext,julia-i18n/gettext.jl
GFF3,biojulia/gff3.jl
GFlops,triscale-innov/gflops.jl
GhibliPalettes,jdiaz97/ghiblipalettes.jl
GibbsSeaWater,teos-10/gibbsseawater.jl
GIFImages,juliaio/gifimages.jl
GigaScatter,lcsb-biocore/gigascatter.jl
GigaSOM,lcsb-biocore/gigasom.jl
GilaElectromagnetics,moleskysean/gilaelectromagnetics.jl
GilbertCurves,clima/gilbertcurves.jl
Ginkgo,youwuyou/ginkgo.jl
GIRFReco,brain-to/girfreco.jl
Git,juliaversioncontrol/git.jl
GitForge,juliaweb/gitforge.jl
GitHub,juliaweb/github.jl
GitHubActions,julia-actions/githubactions.jl
GithubMarkdown,pfitzseb/githubmarkdown.jl
GLAbstraction,juliagl/glabstraction.jl
GLFixedEffectModels,jmboehm/glfixedeffectmodels.jl
GLFW,juliagl/glfw.jl
GLM,juliastats/glm.jl
GLMNet,juliastats/glmnet.jl
Glob,vtjnash/glob.jl
GlobalApproximationValueIteration,juliapomdp/globalapproximationvalueiteration.jl
GlobalDiffEq,sciml/globaldiffeq.jl
GlobalSearchRegression,parallelgsreg/globalsearchregression.jl
GlobalSensitivity,sciml/globalsensitivity.jl
Gloria,dalum/gloria.jl
GlowupVibes,chelseas/glowupvibes.jl
GLPK,jump-dev/glpk.jl
GLPKMathProgInterface,juliaopt/glpkmathproginterface.jl
GLTF,gnimuc/gltf.jl
Glycolysis,denistitovlab/glycolysis.jl
Glyphy,cormullion/glyphy.jl
GMMInference,schrimpf/gmminference.jl
GMMTools,gkreindler/gmmtools.jl
GModelFit,gcalderone/gmodelfit.jl
GMRF,jojal5/gmrf.jl
Gmsh,juliafem/gmsh.jl
GMT,genericmappingtools/gmt.jl
GNRProdEst,markustrunschke/gnrprodest.jl
GNSSReceiver,juliagnss/gnssreceiver.jl
GNSSSignals,juliagnss/gnsssignals.jl
GNSSTools,cu-sense-lab/gnsstools.jl
Gnuplot,gcalderone/gnuplot.jl
Gogeta,gamma-opt/gogeta.jl
GoldfarbIdnaniSolver,fabienlefloch/goldfarbidnanisolver.jl
GomalizingFlow,atelierarith/gomalizingflow.jl
GoogleCloud,juliacloud/googlecloud.jl
GoogleDrive,juliaio/googledrive.jl
GoogleGenAI,tylerjthomas9/googlegenai.jl
GoogleSheets,chipkent/googlesheets.jl
GoTranspiler,quinnj/gotranspiler.jl
GpABC,tanhevg/gpabc.jl
GPCRAnalysis,holylab/gpcranalysis.jl
GPDiffEq,crown421/gpdiffeq.jl
GPLikelihoods,juliagaussianprocesses/gplikelihoods.jl
GPLinearODEMaker,christiangil/gplinearodemaker.jl
GPUArrays,juliagpu/gpuarrays.jl
GPUBenchmarks,juliagpu/gpubenchmarks.jl
GPUCompiler,juliagpu/gpucompiler.jl
GPUInspector,pc2/gpuinspector.jl
GPUShowcases,juliagpu/gpushowcases.jl
GR,jheinen/gr.jl
GradientRobustMultiPhysics,chmerdon/gradientrobustmultiphysics.jl
Gradus,astro-group-bristol/gradus.jl
GradValley,jonas208/gradvalley.jl
GRAPE,juliaquantumcontrol/grape.jl
GraphDataFrameBridge,juliagraphs/graphdataframebridge.jl
GraphicalLinearAlgebra,algebraicjulia/graphicallinearalgebra.jl
GraphicalModelLearning,lanl-ansi/graphicalmodellearning.jl
Graphics,juliagraphics/graphics.jl
GraphInvariants,somacdivad/graphinvariants.jl
GraphIO,juliagraphs/graphio.jl
GraphMakie,makieorg/graphmakie.jl
GraphMatFun,matrixfunctions/graphmatfun.jl
GraphModularDecomposition,stefankarpinski/graphmodulardecomposition.jl
GraphNetCore,una-auxme/graphnetcore.jl
GraphNets,juliamltools/graphnets.jl
GraphNeuralNetworks,carlolucibello/graphneuralnetworks.jl
GraphOptInterface,plasmo-dev/graphoptinterface.jl
GraphPlot,juliagraphs/graphplot.jl
GraphPPL,reactivebayes/graphppl.jl
GraphQLClient,deloitteoptimalreality/graphqlclient.jl
GraphRecipes,juliaplots/graphrecipes.jl
Graphs,juliagraphs/graphs.jl
GraphsBase,juliagraphs/graphsbase.jl
GraphsFlows,juliagraphs/graphsflows.jl
GraphSignals,juliaorphanage/graphsignals.jl
GraphsMatching,juliagraphs/graphsmatching.jl
GraphsOptim,juliagraphs/graphsoptim.jl
GraphTikZ,mtfishman/graphtikz.jl
Grassmann,chakravala/grassmann.jl
GrayScott,juliaornl/grayscott.jl
GreenFunc,numericaleft/greenfunc.jl
GRIB,weech/grib.jl
GRIBDatasets,juliageo/gribdatasets.jl
Gridap,gridap/gridap.jl
GridapBifurcationKit,bifurcationkit/gridapbifurcationkit.jl
GridapDistributed,gridap/gridapdistributed.jl
GridapEmbedded,gridap/gridapembedded.jl
GridapGeosciences,gridapapps/gridapgeosciences.jl
GridapGmsh,gridap/gridapgmsh.jl
GridapHybrid,gridap/gridaphybrid.jl
GridapMakie,gridap/gridapmakie.jl
GridapMHD,gridapapps/gridapmhd.jl
GridapP4est,gridap/gridapp4est.jl
GridapPardiso,gridap/gridappardiso.jl
GridapPETSc,gridap/gridappetsc.jl
GridapSolvers,gridap/gridapsolvers.jl
GridapTopOpt,zjwegert/gridaptopopt.jl
GridArrays,juliaapproximation/gridarrays.jl
GriddingMachine,clima/griddingmachine.jl
GridGraphs,gdalle/gridgraphs.jl
GridInterpolations,sisl/gridinterpolations.jl
GridPotentialFlow,juliaibpm/gridpotentialflow.jl
GridVisualize,j-fu/gridvisualize.jl
GridWorlds,juliareinforcementlearning/gridworlds.jl
Groebner,sumiya11/groebner.jl
Groups,kalmarek/groups.jl
GroupsCore,kalmarek/groupscore.jl
GrowClust3D,dttrugman/growclust3d.jl
GrowthMaps,cesaraustralia/growthmaps.jl
gRPCClient,juliacomputing/grpcclient.jl
Grumps,nittanylion/grumps.jl
GRUtils,heliosdrm/grutils.jl
GSEA2,gsea-msigdb/gsea2.jl
GSL,juliamath/gsl.jl
GslibIO,juliaearth/gslibio.jl
GSWDesign,crharshaw/gswdesign.jl
Gtk,juliagraphics/gtk.jl
Gtk4,juliagtk/gtk4.jl
Gtk4Makie,juliagtk/gtk4makie.jl
GtkMarkdownTextView,juliagtk/gtkmarkdowntextview.jl
GtkObservables,juliagizmos/gtkobservables.jl
GTPSA,bmad-sim/gtpsa.jl
GuidingCenterOrbits,juliafusion/guidingcenterorbits.jl
GumbelSoftmax,arnauqb/gumbelsoftmax.jl
Gumbo,juliaweb/gumbo.jl
Gurobi,jump-dev/gurobi.jl
GuSTO,stanfordasl/gusto.jl
GXBeam,byuflowlab/gxbeam.jl
Gymnasium,mkschleg/gymnasium.jl
GZip,juliaio/gzip.jl
H3,wookay/h3.jl
H5PLEXOS,nrel/h5plexos.jl
H5Sparse,severinson/h5sparse.jl
Hadamard,juliamath/hadamard.jl
HALeqO,aldma/haleqo.jl
HalfIntegers,sostock/halfintegers.jl
HallThruster,um-pepl/hallthruster.jl
HaltonSequences,tobydriscoll/haltonsequences.jl
Hamburg,oem/hamburg.jl
HAML,tkluck/haml.jl
HampelOutliers,tobydriscoll/hampeloutliers.jl
Handcalcs,co1emi11er2/handcalcs.jl
Hankel,chrisbrahms/hankel.jl
Harbest,jdiaz97/harbest.jl
HardSphereDynamics,juliadynamics/hardspheredynamics.jl
HarmonicBalance,nonlinearoscillations/harmonicbalance.jl
HarmonicOrthogonalPolynomials,juliaapproximation/harmonicorthogonalpolynomials.jl
HarmonicPowerModels,timmyfaraday/harmonicpowermodels.jl
HawkesProcesses,dm13450/hawkesprocesses.jl
HazReg,fjrubio67/hazreg.jl
HclinicBifurcationKit,bifurcationkit/hclinicbifurcationkit.jl
HCubature,juliamath/hcubature.jl
HDF5,juliaio/hdf5.jl
HDF5Plugins,juliaio/hdf5plugins.jl
Healpix,ziotom78/healpix.jl
HealpixMPI,leeobianchi/healpixmpi.jl
HeartBeats,cbrnr/heartbeats.jl
Hecke,thofma/hecke.jl
HelicopterSciML,sciml/helicoptersciml.jl
Helmholtz,juliainv/helmholtz.jl
HelpGPT,fedeclaudi/helpgpt.jl
Herb,herb-ai/herb.jl
HerbSearch,herb-ai/herbsearch.jl
Hermes,stefanbringuier/hermes.jl
HeroIcons,joshday/heroicons.jl
HexEdit,juliaio/hexedit.jl
HidApi,laborg/hidapi.jl
HiddenMarkovModels,gdalle/hiddenmarkovmodels.jl
HierarchicalEOM,ncku-qfort/hierarchicaleom.jl
HierarchicalGaussianFiltering,ilabcode/hierarchicalgaussianfiltering.jl
HierarchicalMatrices,julialinearalgebra/hierarchicalmatrices.jl
HighDimPDE,sciml/highdimpde.jl
HighFrequencyCovariance,s-baumann/highfrequencycovariance.jl
Highlights,juliadocs/highlights.jl
HiGHS,jump-dev/highs.jl
HiGHS_jll,juliabinarywrappers/highs_jll.jl
HiGHSstatic_jll,juliabinarywrappers/highsstatic_jll.jl
HiQGA,geoscienceaustralia/hiqga.jl
HITRAN,tachawkes/hitran.jl
HKQM,tjjarvinen/hkqm.jl
HMatrices,integralequations/hmatrices.jl
HMCExamples,highdimensionaleconlab/hmcexamples.jl
HMD,patrickm663/hmd.jl
HMMBase,maxmouchet/hmmbase.jl
HNSW,julianeighbors/hnsw.jl
HOHQMesh,trixi-framework/hohqmesh.jl
HoJBot,humans-of-julia/hojbot.jl
HolidayJp,mrkn/holidayjp.jl
HomotopyContinuation,juliahomotopycontinuation/homotopycontinuation.jl
HOODESolver,pnavaro/hoodesolver.jl
HopTB,hoptb/hoptb.jl
HORIZONS,perezhz/horizons.jl
HorizonSideRobots,vibof/horizonsiderobots.jl
HorseML,mommawatasu/horseml.jl
HostCPUFeatures,juliasimd/hostcpufeatures.jl
HSL,juliasmoothoptimizers/hsl.jl
HssMatrices,bonevbs/hssmatrices.jl
HTMLForge,algunion/htmlforge.jl
HTMLTables,cecoeco/htmltables.jl
HTMX,joshday/htmx.jl
HTTP,juliaweb/http.jl
HTTP2,juliaweb/http2.jl
HTTR,tidierorg/httr.jl
HugeNumbers,cjdoris/hugenumbers.jl
HuggingFaceApi,fluxml/huggingfaceapi.jl
HuggingFaceDatasets,juliagenai/huggingfacedatasets.jl
HuggingFaceHub,cjdoris/huggingfacehub.jl
HumanEval,01-ai/humaneval.jl
Humanize,iainnz/humanize.jl
Humpty,juliacomputing/humpty.jl
Hungarian,gnimuc/hungarian.jl
HurdleDMR,asafmanela/hurdledmr.jl
Hwloc,juliaparallel/hwloc.jl
HybridArrays,juliaarrays/hybridarrays.jl
HybridAStar,cu-adcl/hybridastar.jl
HybridSystems,blegat/hybridsystems.jl
HybridSystemsSimulations,nrel-sienna/hybridsystemssimulations.jl
HydroPowerModels,lampspuc/hydropowermodels.jl
HydroPowerSimulations,nrel-sienna/hydropowersimulations.jl
HydroTools,jl-pkgs/hydrotools.jl
Hygese,chkwon/hygese.jl
Hypatia,jump-dev/hypatia.jl
HypercubeTransform,ptiede/hypercubetransform.jl
HyperDualNumbers,juliadiff/hyperdualnumbers.jl
HypergeometricFunctions,juliamath/hypergeometricfunctions.jl
HyperGraphs,lpmdiaz/hypergraphs.jl
Hyperopt,baggepinnen/hyperopt.jl
Hyperscript,juliaweb/hyperscript.jl
HypertextLiteral,juliapluto/hypertextliteral.jl
HyperTuning,jmejia8/hypertuning.jl
HypothesisTests,juliastats/hypothesistests.jl
HYPRE,fredrikekre/hypre.jl
IBMQClient,quantumbfs/ibmqclient.jl
IceCream,danielathome19/icecream.jl
IcyAntics,glwagner/icyantics.jl
IdealGases,mit-lae/idealgases.jl
IESopt,ait-energy/iesopt.jl
IFGF,integralequations/ifgf.jl
IfTraits,johannesnaegele/iftraits.jl
IGA,lijas/iga.jl
Ignite,jondeuce/ignite.jl
IJulia,julialang/ijulia.jl
ILog2,juliamath/ilog2.jl
iLQGames,lassepe/ilqgames.jl
ILUZero,mcovalt/iluzero.jl
ImageBinarization,juliaimages/imagebinarization.jl
ImageClipboard,hyrodium/imageclipboard.jl
ImageComponentAnalysis,zygmuntszpak/imagecomponentanalysis.jl
ImageContrastAdjustment,juliaimages/imagecontrastadjustment.jl
ImageCore,juliaimages/imagecore.jl
ImageCorners,juliaimages/imagecorners.jl
ImageDistances,juliaimages/imagedistances.jl
ImageDraw,juliaimages/imagedraw.jl
ImageEdgeDetection,juliaimages/imageedgedetection.jl
ImageFeatures,juliaimages/imagefeatures.jl
ImageFiltering,juliaimages/imagefiltering.jl
ImageGather,slimgroup/imagegather.jl
ImageGeoms,juliaimagerecon/imagegeoms.jl
ImageInpainting,juliaimages/imageinpainting.jl
ImageInTerminal,juliaimages/imageinterminal.jl
ImageIO,juliaio/imageio.jl
ImageMagick,juliaio/imagemagick.jl
ImageMetadata,juliaimages/imagemetadata.jl
ImageMorphology,juliaimages/imagemorphology.jl
ImageNetTrain,jeremiedb/imagenettrain.jl
ImagePhantoms,juliaimagerecon/imagephantoms.jl
ImagePhaseCongruency,peterkovesi/imagephasecongruency.jl
ImageProjectiveGeometry,peterkovesi/imageprojectivegeometry.jl
ImageQualityIndexes,juliaimages/imagequalityindexes.jl
ImageQuilting,juliaearth/imagequilting.jl
ImageReconstruction,juliaimages/imagereconstruction.jl
Images,juliaimages/images.jl
ImageSegmentation,juliaimages/imagesegmentation.jl
ImageShow,juliaimages/imageshow.jl
ImageTracking,juliaimages/imagetracking.jl
ImageTransformations,juliaimages/imagetransformations.jl
ImageView,juliaimages/imageview.jl
ImagingOpt,gaurav-arya/imagingopt.jl
Imaginocean,navidcy/imaginocean.jl
Imbalance,juliaai/imbalance.jl
IMFData,stephenbnicar/imfdata.jl
ImgHdr,juliaio/imghdr.jl
IMinuit,fkguo/iminuit.jl
ImmersedLayers,juliaibpm/immersedlayers.jl
Implicit3DPlotting,matthiashimmelmann/implicit3dplotting.jl
ImplicitAD,byuflowlab/implicitad.jl
ImplicitBVH,stellaorg/implicitbvh.jl
ImplicitDifferentiation,juliadecisionfocusedlearning/implicitdifferentiation.jl
ImplicitGlobalGrid,eth-cscs/implicitglobalgrid.jl
ImplicitPlots,saschatimme/implicitplots.jl
ImPlot,wsphillips/implot.jl
Impostor,lfenzo/impostor.jl
Impute,invenia/impute.jl
IncompleteLU,haampie/incompletelu.jl
IncompressibleNavierStokes,agdestein/incompressiblenavierstokes.jl
IncrementalInference,juliarobotics/incrementalinference.jl
IncrementalSVD,julialinearalgebra/incrementalsvd.jl
IndependentComponentAnalysis,baggepinnen/independentcomponentanalysis.jl
IndependentHypothesisWeighting,nignatiadis/independenthypothesisweighting.jl
IndexedTables,juliadata/indexedtables.jl
IndexFunArrays,bionanoimaging/indexfunarrays.jl
IndirectArrays,juliaarrays/indirectarrays.jl
IndividualDisplacements,juliaclimate/individualdisplacements.jl
InducingPoints,juliagaussianprocesses/inducingpoints.jl
Inequality,joseper/inequality.jl
InferenceObjects,arviz-devs/inferenceobjects.jl
InferOpt,juliadecisionfocusedlearning/inferopt.jl
InferOptBenchmarks,juliadecisionfocusedlearning/inferoptbenchmarks.jl
Infiltrator,juliadebug/infiltrator.jl
InfiniteArrays,juliaarrays/infinitearrays.jl
InfiniteLinearAlgebra,julialinearalgebra/infinitelinearalgebra.jl
InfiniteOpt,infiniteopt/infiniteopt.jl
InfinitesimalGenerators,matthieugomez/infinitesimalgenerators.jl
Infinities,juliamath/infinities.jl
InfixUnions,masonprotter/infixunions.jl
Inflate,gunnarfarneback/inflate.jl
Inflation,rjrosati/inflation.jl
InfluxDBClient,kafisatz/influxdbclient.jl
InformationGeometry,rafaelarutjunjan/informationgeometry.jl
InformationMeasures,tchanders/informationmeasures.jl
InfoZIP,samoconnor/infozip.jl
InfrastructureModels,lanl-ansi/infrastructuremodels.jl
InfrastructureSystems,nrel-sienna/infrastructuresystems.jl
Inherit,mind6/inherit.jl
IniFile,juliaio/inifile.jl
InlineDispatch,dhanak/inlinedispatch.jl
InlineStrings,juliastrings/inlinestrings.jl
InMemoryDatasets,sl-solution/inmemorydatasets.jl
InplaceOps,simonbyrne/inplaceops.jl
Insolation,clima/insolation.jl
Intan,paulmthompson/intan.jl
IntegerMathUtils,juliamath/integermathutils.jl
IntegralArrays,juliaimages/integralarrays.jl
Integrals,sciml/integrals.jl
IntelITT,juliaperf/intelitt.jl
IntelVectorMath,juliamath/intelvectormath.jl
InteractBase,juliagizmos/interactbase.jl
Interactive-Seismology,pawbz/interactive-seismology.jl
InteractiveDynamics,juliadynamics/interactivedynamics.jl
InteractiveErrors,michaelhatherly/interactiveerrors.jl
InteractiveFixedEffectModels,fixedeffects/interactivefixedeffectmodels.jl
InteractiveGeodynamics,juliageodynamics/interactivegeodynamics.jl
InteractiveSynthPOC,jtriggerfish/interactivesynthpoc.jl
InteractiveViz,org-arl/interactiveviz.jl
InteratomicPotentials,cesmix-mit/interatomicpotentials.jl
InterestRates,felipenoris/interestrates.jl
Interfaces,rafaqz/interfaces.jl
InterfaceSpecs,keno/interfacespecs.jl
InterpolatedPDFs,m-wells/interpolatedpdfs.jl
InterpolationKernels,emmt/interpolationkernels.jl
Interpolations,juliamath/interpolations.jl
InterProcessCommunication,emmt/interprocesscommunication.jl
IntervalArithmetic,juliaintervals/intervalarithmetic.jl
IntervalConstraintProgramming,juliaintervals/intervalconstraintprogramming.jl
IntervalContractors,juliaintervals/intervalcontractors.jl
IntervalLinearAlgebra,juliaintervals/intervallinearalgebra.jl
IntervalMatrices,juliareach/intervalmatrices.jl
IntervalMDP,zinoex/intervalmdp.jl
IntervalRootFinding,juliaintervals/intervalrootfinding.jl
Intervals,invenia/intervals.jl
IntervalSets,juliamath/intervalsets.jl
IntervalTrees,biojulia/intervaltrees.jl
Inti,integralequations/inti.jl
IntProbDS,mcreel/intprobds.jl
IntroML,mlcolab/introml.jl
Invariants,lorenzoh/invariants.jl
InvariantSets,ueliwechsler/invariantsets.jl
InventoryManagement,hdavid16/inventorymanagement.jl
InventoryRoutingLNS,louisbouvier/inventoryroutinglns.jl
InverseFunctions,juliamath/inversefunctions.jl
InverseLaplace,juliamath/inverselaplace.jl
InversePlanning,probcomp/inverseplanning.jl
InvertedFiles,sadit/invertedfiles.jl
InvertedIndices,juliadata/invertedindices.jl
InvertibleNetworks,slimgroup/invertiblenetworks.jl
IOCapture,juliadocs/iocapture.jl
IonCLI,roger-luo/ioncli.jl
IonSim,haeffnerlab/ionsim.jl
IPMeasures,aicenter/ipmeasures.jl
Ipopt,jump-dev/ipopt.jl
IPUToolkit,juliaipu/iputoolkit.jl
IPyCells,chifisource/ipycells.jl
IrrationalConstants,juliamath/irrationalconstants.jl
IRTools,fluxml/irtools.jl
IRViz,juliacomputing/irviz.jl
IsApprox,jlapeyre/isapprox.jl
IsDef,jolin-io/isdef.jl
IsingModels,cossio/isingmodels.jl
Isoplot,juliageochronology/isoplot.jl
IsotopeTable,gregstrq/isotopetable.jl
ITensorChemistry,itensor/itensorchemistry.jl
ITensorCorrelators,itensor/itensorcorrelators.jl
ITensorMPOConstruction,itensor/itensormpoconstruction.jl
ITensorMPS,itensor/itensormps.jl
ITensorNetworks,itensor/itensornetworks.jl
ITensorParallel,itensor/itensorparallel.jl
ITensorQTT,itensor/itensorqtt.jl
ITensors,itensor/itensors.jl
ITensorTDVP,itensor/itensortdvp.jl
IterationControl,juliaai/iterationcontrol.jl
IterativeLearningControl2,baggepinnen/iterativelearningcontrol2.jl
IterativeLQR,thowell/iterativelqr.jl
IterativeRefinement,ralphas/iterativerefinement.jl
IterativeSolvers,julialinearalgebra/iterativesolvers.jl
IterGP,sebastiancallh/itergp.jl
IterTools,juliacollections/itertools.jl
IUCNRedList,jdiaz97/iucnredlist.jl
IVFADC,julianeighbors/ivfadc.jl
J-Space,bimib-disco/j-space.jl
Jabalizer,qsi-baqs/jabalizer.jl
JAC,openjac/jac.jl
JACC,juliaornl/jacc.jl
Jacobi,pjabardo/jacobi.jl
JacobiElliptic,dominic-chang/jacobielliptic.jl
JADE,epoc-nz/jade.jl
Jags,jagsjulia/jags.jl
JavaCall,juliainterop/javacall.jl
Javis,juliaanimators/javis.jl
JavisNB,juliaanimators/javisnb.jl
Jchemo,mlesnoff/jchemo.jl
JDF,xiaodaigh/jdf.jl
JDQMCFramework,smoqysuite/jdqmcframework.jl
Jecco,mzilhao/jecco.jl
Jedis,captchanjack/jedis.jl
Jello,paulxshen/jello.jl
JellyMe4,palday/jellyme4.jl
JEMSS,uoa-ems-research/jemss.jl
JET,aviatesk/jet.jl
JetPackWaveFD,chevronetc/jetpackwavefd.jl
JetReconstruction,juliahep/jetreconstruction.jl
Jets,chevronetc/jets.jl
JFVM,simulkade/jfvm.jl
Jib,lbilli/jib.jl
Jieko,roger-luo/jieko.jl
jInv,juliainv/jinv.jl
JITrench,abap34/jitrench.jl
Jive,wookay/jive.jl
JJDFTX,alighorashicmt/jjdftx.jl
Jl2Py,lucifer1004/jl2py.jl
JLD,juliaio/jld.jl
JLD2,juliaio/jld2.jl
JLFzf,moelf/jlfzf.jl
JLLPrefixes,juliapackaging/jllprefixes.jl
JLLWrappers,juliapackaging/jllwrappers.jl
JlrsCore,taaitaaiger/jlrscore.jl
JobSchedulers,cihga39871/jobschedulers.jl
JointSurvivalModels,insightsengineering/jointsurvivalmodels.jl
Jokes,cityjumper/jokes.jl
Jolab,dylanmmarques/jolab.jl
JOLI,slimgroup/joli.jl
JosephsonCircuits,kpobrien/josephsoncircuits.jl
Jot,harris-chris/jot.jl
JpegGlitcher,juliawtf/jpegglitcher.jl
JpegTurbo,juliaio/jpegturbo.jl
JQuants,ki-chi/jquants.jl
JRAF,abagciphys/jraf.jl
JSBSim,jsbsim-team/jsbsim.jl
JSON,juliaio/json.jl
JSON3,quinnj/json3.jl
JSONBase,quinnj/jsonbase.jl
JsonGrinder,ctuavastlab/jsongrinder.jl
JSONRPC,julia-vscode/jsonrpc.jl
JSONSchema,fredo-dedup/jsonschema.jl
JSONTables,juliadata/jsontables.jl
JSONWebTokens,felipenoris/jsonwebtokens.jl
JSOSolvers,juliasmoothoptimizers/jsosolvers.jl
JSOSuite,juliasmoothoptimizers/jsosuite.jl
JSOTemplate,juliasmoothoptimizers/jsotemplate.jl
JSOTutorials,juliasmoothoptimizers/jsotutorials.jl
JuDGE,epoc-nz/judge.jl
JUDI,slimgroup/judi.jl
JudiLing,quantling/judiling.jl
Judyp,anthofflab/judyp.jl
JulGame,kyjor/julgame.jl
Julia,svaksha/julia.jl
Julia2Nix,juliacn/julia2nix.jl
JuliaBUGS,turinglang/juliabugs.jl
JuliaCon,juliacon/juliacon.jl
JuliaDB,juliadata/juliadb.jl
JuliaFEM,juliafem/juliafem.jl
JuliaFormatter,domluna/juliaformatter.jl
JuliaGrid,mcosovic/juliagrid.jl
JuliaHub,juliacomputing/juliahub.jl
JuliaInterpreter,juliadebug/juliainterpreter.jl
JuliaLowering,c42f/julialowering.jl
JuliaMusic_documentation,juliamusic/juliamusic_documentation.jl
JuliaNotes,m3g/julianotes.jl
JuliaPackages,djsegal/juliapackages.jl
JuliaProjectFormatter,tkf/juliaprojectformatter.jl
JuliaSCGA,moon-dust/juliascga.jl
JuliaScript,jolin-io/juliascript.jl
JuliaSyntax,julialang/juliasyntax.jl
JuliaSyntaxFormatter,c42f/juliasyntaxformatter.jl
JuliaSyntaxHighlighting,julialang/juliasyntaxhighlighting.jl
JuliaTypechecker,benchung/juliatypechecker.jl
JuliaWorkspaces,julia-vscode/juliaworkspaces.jl
JuliaZH,juliacn/juliazh.jl
JuLIP,juliamolsim/julip.jl
JuliQAOA,lanl/juliqaoa.jl
Julog,ztangent/julog.jl
JuMP,jump-dev/jump.jl
JumpProcesses,sciml/jumpprocesses.jl
JuNarsese,arcj137442/junarsese.jl
JunctionTrees,mroavi/junctiontrees.jl
Juniper,lanl-ansi/juniper.jl
Jupyter2Pluto,vdayanand/jupyter2pluto.jl
Juqbox,llnl/juqbox.jl
Juqst,rharper2/juqst.jl
JustPIC,juliageodynamics/justpic.jl
JustRelax,ptsolvers/justrelax.jl
JustSayIt,omlins/justsayit.jl
JustSayItRecipes,omlins/justsayitrecipes.jl
JuTrack,msu-beam-dynamics/jutrack.jl
Jutul,sintefmath/jutul.jl
JutulDarcy,sintefmath/jutuldarcy.jl
JutulDarcyRules,slimgroup/jutuldarcyrules.jl
JWAS,reworkhow/jwas.jl
JWTs,tanmaykm/jwts.jl
Jx,kaist-elst/jx.jl
K,andreypopp/k.jl
K8sClusterManagers,beacon-biosignals/k8sclustermanagers.jl
KadanoffBaym,nonequilibriumdynamics/kadanoffbaym.jl
KahanSummation,juliamath/kahansummation.jl
KaHyPar,kahypar/kahypar.jl
Kaleido,tkf/kaleido.jl
Kalman,mschauer/kalman.jl
KalmanFilters,juliagnss/kalmanfilters.jl
KalmanFilterToolbox,nathanaelbosch/kalmanfiltertoolbox.jl
KangarooTwelve,tecosaur/kangarootwelve.jl
Karnak,cormullion/karnak.jl
Kata,kwatmdphd/kata.jl
KdotP,thchr/kdotp.jl
Keldysh,kleinhenz/keldysh.jl
KeldyshED,krivenko/keldyshed.jl
KendallTau,pgs62/kendalltau.jl
KernelAbstractions,juliagpu/kernelabstractions.jl
KernelDensity,juliastats/kerneldensity.jl
KernelDensityEstimate,juliarobotics/kerneldensityestimate.jl
KernelEstimator,panlanfeng/kernelestimator.jl
KernelFunctions,juliagaussianprocesses/kernelfunctions.jl
KernelInterpolation,joshualampert/kernelinterpolation.jl
KernelSpectralDensities,juliagaussianprocesses/kernelspectraldensities.jl
Ket,araujoms/ket.jl
KeywordSearch,beacon-biosignals/keywordsearch.jl
KeywordStrings,adienes/keywordstrings.jl
Kezdi,codedthinking/kezdi.jl
Khepri,aptmcl/khepri.jl
Khronos,facebookresearch/khronos.jl
KinematicDriver,clima/kinematicdriver.jl
Kinetic,vavrines/kinetic.jl
KinodynamicFabrics,adubredu/kinodynamicfabrics.jl
Kip,jkroso/kip.jl
KissABC,francescoalemanno/kissabc.jl
KissSmoothing,francescoalemanno/kisssmoothing.jl
KitBase,vavrines/kitbase.jl
KiteControllers,aenarete/kitecontrollers.jl
KiteModels,ufechner7/kitemodels.jl
KitML,vavrines/kitml.jl
KittyTerminalImages,simonschoelly/kittyterminalimages.jl
KLU,juliasparse/klu.jl
KMeansPNNSmoothing,carlobaldassi/kmeanspnnsmoothing.jl
KmerAnalysis,biojulia/kmeranalysis.jl
Kmers,biojulia/kmers.jl
KML,juliacomputing/kml.jl
Knapsacks,rafaelmartinelli/knapsacks.jl
KnetNLPModels,juliasmoothoptimizers/knetnlpmodels.jl
KNITRO,jump-dev/knitro.jl
Knockoffs,biona001/knockoffs.jl
KnuthBendix,kalmarek/knuthbendix.jl
KolmogorovArnold,vpuri3/kolmogorovarnold.jl
KolmogorovArnoldNetworks,rbsparky/kolmogorovarnoldnetworks.jl
KomaMRI,juliahealth/komamri.jl
Korg,ajwheeler/korg.jl
Kriging,madsjulia/kriging.jl
KrigingEstimators,juliohm/krigingestimators.jl
Kroki,bauglir/kroki.jl
Kronecker,michielstock/kronecker.jl
KronLinInv,inverseproblem/kronlininv.jl
Krotov,juliaquantumcontrol/krotov.jl
Krylov,juliasmoothoptimizers/krylov.jl
KrylovKit,jutho/krylovkit.jl
KrylovPreconditioners,juliasmoothoptimizers/krylovpreconditioners.jl
Kuber,juliacomputing/kuber.jl
Kyulacs,atelierarith/kyulacs.jl
L2O,andrewrosemberg/l2o.jl
LabelledArrays,sciml/labelledarrays.jl
LACosmic,juliaastro/lacosmic.jl
LambdaMaker,juliacloud/lambdamaker.jl
LambertW,juliamath/lambertw.jl
LAMMPS,cesmix-mit/lammps.jl
LandauDistribution,juliahep/landaudistribution.jl
LanguageModels,rai-llc/languagemodels.jl
Languages,juliatext/languages.jl
LanguageServer,julia-vscode/languageserver.jl
LaplaceRedux,juliatrustworthyai/laplaceredux.jl
LaplacianOpt,harshangrjn/laplacianopt.jl
LARS,simonster/lars.jl
LASDatasets,fugro-oss/lasdatasets.jl
Lasso,juliastats/lasso.jl
LaTeXDatax,datax-package/latexdatax.jl
Latexify,korsbo/latexify.jl
LatexPrint,scheinerman/latexprint.jl
LaTeXStrings,juliastrings/latexstrings.jl
LaTeXTables,szcf-weiya/latextables.jl
LaTeXTabulars,tpapp/latextabulars.jl
LatinHypercubeSampling,mrurq/latinhypercubesampling.jl
LatticeQCD,akio-tomiya/latticeqcd.jl
Lava,serenity4/lava.jl
Layered,jkrumbiegel/layered.jl
LayeredLayouts,oxinabox/layeredlayouts.jl
LazIO,evetion/lazio.jl
LazyAlgebra,emmt/lazyalgebra.jl
LazyArrays,juliaarrays/lazyarrays.jl
LazyBandedMatrices,julialinearalgebra/lazybandedmatrices.jl
LazyGrids,juliaarrays/lazygrids.jl
LazySets,juliareach/lazysets.jl
LazyStack,mcabbott/lazystack.jl
LazyStartup,wangl-cc/lazystartup.jl
LDLFactorizations,juliasmoothoptimizers/ldlfactorizations.jl
LeafGasExchange,cropbox/leafgasexchange.jl
Leaflet,juliageo/leaflet.jl
LearnAPI,juliaai/learnapi.jl
LearningAlgebraicVarieties,pbrdng/learningalgebraicvarieties.jl
LeastSquaresOptim,matthieugomez/leastsquaresoptim.jl
LeetCode,juliacn/leetcode.jl
LeftChildRightSiblingTrees,juliacollections/leftchildrightsiblingtrees.jl
LegacyStrings,juliastrings/legacystrings.jl
LegendrePolynomials,jishnub/legendrepolynomials.jl
Legolas,beacon-biosignals/legolas.jl
LegolasFlux,beacon-biosignals/legolasflux.jl
Lehmann,numericaleft/lehmann.jl
Leibniz,chakravala/leibniz.jl
LeMoString,kwatmdphd/lemostring.jl
LengthFreeStaticMatrices,brainandforce/lengthfreestaticmatrices.jl
Lerche,jamesrhester/lerche.jl
LESbrary,clima/lesbrary.jl
LevelDB,jerryzhenleicai/leveldb.jl
LevelSets,jehicken/levelsets.jl
LFAToolkit,jeremylt/lfatoolkit.jl
LFUDACache,larswl/lfudacache.jl
LibArchive,yuyichao/libarchive.jl
LibCImGui,juliaimgui/libcimgui.jl
LibCURL,juliaweb/libcurl.jl
LibDeflate,jakobnissen/libdeflate.jl
LibGEOS,juliageo/libgeos.jl
LibIIO,tachawkes/libiio.jl
LIBLINEAR,juliaml/liblinear.jl
LibPQ,juliadatabases/libpq.jl
LibSerialPort,juliaio/libserialport.jl
LibSndFile,juliaaudio/libsndfile.jl
LibSpatialIndex,juliageo/libspatialindex.jl
LibSSH,juliaweb/libssh.jl
LIBSVM,juliaml/libsvm.jl
Libtask,turinglang/libtask.jl
LibTeXPrintf,juliastrings/libtexprintf.jl
Libxc,juliamolsim/libxc.jl
LicenseCheck,ericphanson/licensecheck.jl
LidJul,triscale-innov/lidjul.jl
LifeContingencies,juliaactuary/lifecontingencies.jl
LiftAndLearn,smallpondtom/liftandlearn.jl
LiftedTrajectoryGames,lassepe/liftedtrajectorygames.jl
LightBSON,ancapdev/lightbson.jl
LightGBM,iqvia-ml/lightgbm.jl
Lighthouse,beacon-biosignals/lighthouse.jl
LightOSM,deloitteoptimalreality/lightosm.jl
LightPropagation,heltonmc/lightpropagation.jl
LightXML,juliaio/lightxml.jl
LigParGen2LAMMPS,vvpisarev/ligpargen2lammps.jl
LiiBRA,bradyplanden/liibra.jl
LikelihoodProfiler,insysbio/likelihoodprofiler.jl
LIKWID,juliaperf/likwid.jl
LimberJack,jaimerzp/limberjack.jl
LimitedLDLFactorizations,juliasmoothoptimizers/limitedldlfactorizations.jl
LinA,lico-labs/lina.jl
Lindenmayer,cormullion/lindenmayer.jl
LinearAlgebraicRepresentation,cvdlab/linearalgebraicrepresentation.jl
LinearAlgebraX,scheinerman/linearalgebrax.jl
LinearFold,marcom/linearfold.jl
LinearFractional,nexteraanalytics/linearfractional.jl
LinearInterpolators,emmt/linearinterpolators.jl
LinearMaps,julialinearalgebra/linearmaps.jl
LinearMapsAA,jefffessler/linearmapsaa.jl
LinearMixingModels,juliagaussianprocesses/linearmixingmodels.jl
LinearOperators,juliasmoothoptimizers/linearoperators.jl
LinearRegressionKit,ericqu/linearregressionkit.jl
LinearResponse,juliastellardynamics/linearresponse.jl
LinearSegmentation,stelmo/linearsegmentation.jl
LinearSolve,sciml/linearsolve.jl
LinearTimeIteration,hariharanjayashankar/lineartimeiteration.jl
LineSearches,julianlsolvers/linesearches.jl
LinuxPerf,juliaperf/linuxperf.jl
LiquidStateMachine,guillaumelam/liquidstatemachine.jl
LispSyntax,swadey/lispsyntax.jl
Literate,fredrikekre/literate.jl
LittleBookOfSemaphores,carstenbauer/littlebookofsemaphores.jl
LiveServer,tlienart/liveserver.jl
LKH,chkwon/lkh.jl
Llama,marcom/llama.jl
Llama2,cafaxo/llama2.jl
LLLplus,chrisvwx/lllplus.jl
LLMTextAnalysis,svilupp/llmtextanalysis.jl
LLSModels,juliasmoothoptimizers/llsmodels.jl
LLVM,maleadt/llvm.jl
LLVMLoopInfo,juliasimd/llvmloopinfo.jl
LocalAnisotropies,rmcaixeta/localanisotropies.jl
LocalApproximationValueIteration,juliapomdp/localapproximationvalueiteration.jl
LocalCoverage,juliaci/localcoverage.jl
LocalFilters,emmt/localfilters.jl
LocalPackageServer,gunnarfarneback/localpackageserver.jl
LocalPoly,jbshannon/localpoly.jl
LocalProjections,junyuan-chen/localprojections.jl
LocalRegistry,gunnarfarneback/localregistry.jl
LocalRegNeuralDE,avik-pal/localregneuralde.jl
LocalSearchSolvers,juliaconstraints/localsearchsolvers.jl
locaTE,zsteve/locate.jl
Loess,juliastats/loess.jl
LogarithmicNumbers,cjdoris/logarithmicnumbers.jl
LogCompose,julialogging/logcompose.jl
LogDensityProblems,tpapp/logdensityproblems.jl
LogDensityProblemsAD,tpapp/logdensityproblemsad.jl
LogExpFunctions,juliastats/logexpfunctions.jl
LogFixPoint16s,milankl/logfixpoint16s.jl
LoggingExtras,julialogging/loggingextras.jl
Logic,aidan-bailey/logic.jl
LogicCircuits,tractables/logiccircuits.jl
LogRoller,julialogging/logroller.jl
LombScargle,juliaastro/lombscargle.jl
LongestPaths,gunnarfarneback/longestpaths.jl
LongMemory,everval/longmemory.jl
LongwaveModePropagator,fgasdia/longwavemodepropagator.jl
LookingGlass,nhdaly/lookingglass.jl
Loop-TNR_CUDA,hsp9308/loop-tnr_cuda.jl
Loops,vchuravy/loops.jl
LoopVectorization,juliasimd/loopvectorization.jl
Loraine,kocvara/loraine.jl
LorentzVectorHEP,juliahep/lorentzvectorhep.jl
LorentzVectors,jltastet/lorentzvectors.jl
Lorenz96,milankl/lorenz96.jl
LossFunctions,juliaml/lossfunctions.jl
LotteryTickets,mcognetta/lotterytickets.jl
LoweredCodeUtils,juliadebug/loweredcodeutils.jl
Lowess,xkdr/lowess.jl
LowLevelParticleFilters,baggepinnen/lowlevelparticlefilters.jl
LowRankApprox,julialinearalgebra/lowrankapprox.jl
LowRankArithmetic,fholtorf/lowrankarithmetic.jl
LowRankIntegrators,fholtorf/lowrankintegrators.jl
LPVSpectral,baggepinnen/lpvspectral.jl
LRMoE,uoftactuarial/lrmoe.jl
LRUCache,juliacollections/lrucache.jl
LSODA,rveltz/lsoda.jl
LsqFit,julianlsolvers/lsqfit.jl
LSurvival,alexpkeil1/lsurvival.jl
Lucky,oliviermilla/lucky.jl
Luna,lupolab/luna.jl
Lux,luxdl/lux.jl
LuxCore,luxdl/luxcore.jl
LuxLib,luxdl/luxlib.jl
Luxor,juliagraphics/luxor.jl
LuxorGraphPlot,giggleliu/luxorgraphplot.jl
LuxurySparse,quantumbfs/luxurysparse.jl
LWFBrook90,fabern/lwfbrook90.jl
MacroModelling,thorek1/macromodelling.jl
MacroTools,fluxml/macrotools.jl
MadNLP,madnlp/madnlp.jl
MAGEMinApp,computationalthermodynamics/mageminapp.jl
Magma,julialinearalgebra/magma.jl
MagmaThermoKinematics,boriskaus/magmathermokinematics.jl
MagNav,mit-ai-accelerator/magnav.jl
MajoranaReps,fremling/majoranareps.jl
Makie,makieorg/makie.jl
MakieDraw,makieorg/makiedraw.jl
MakieExtra,juliaaplavin/makieextra.jl
MakieForProjects,datseris/makieforprojects.jl
MakiePublication,liuyxpp/makiepublication.jl
MakieSAM,simondanisch/makiesam.jl
MakieTeX,juliaplots/makietex.jl
MakieThemes,makieorg/makiethemes.jl
Malt,juliapluto/malt.jl
Mangal,poisotlab/mangal.jl
Mango,offis-dai/mango.jl
ManifoldDiff,juliamanifolds/manifolddiff.jl
ManifoldDiffEq,juliamanifolds/manifolddiffeq.jl
ManifoldLearning,wildart/manifoldlearning.jl
Manifolds,juliamanifolds/manifolds.jl
ManifoldsBase,juliamanifolds/manifoldsbase.jl
Manopt,juliamanifolds/manopt.jl
ManoptExamples,juliamanifolds/manoptexamples.jl
ManualMemory,juliasimd/manualmemory.jl
MapMakie,subnero1/mapmakie.jl
MapMaths,subnero1/mapmaths.jl
MappedArrays,juliaarrays/mappedarrays.jl
MapTiles,juliageo/maptiles.jl
MarineEcosystemsJuliaCon2021,juliaocean/marineecosystemsjuliacon2021.jl
MarkdownAST,juliadocs/markdownast.jl
MarkdownLiteral,juliapluto/markdownliteral.jl
MarkdownTables,tpapp/markdowntables.jl
MarketData,juliaquant/marketdata.jl
MarkovBounds,fholtorf/markovbounds.jl
MarkovChainHammer,sandreza/markovchainhammer.jl
MarkovKernels,filtron/markovkernels.jl
MarkovModels,fast-asr/markovmodels.jl
MarkovWeightedEFMs,jchitpin/markovweightedefms.jl
MarSwitching,m-dadej/marswitching.jl
MassInstallAction,julia-actions/massinstallaction.jl
MAT,juliaio/mat.jl
Match,juliaservices/match.jl
MATDaemon,jondeuce/matdaemon.jl
MaterialModels,kimauth/materialmodels.jl
Materials,juliafem/materials.jl
MathematicalSets,juliareach/mathematicalsets.jl
MathematicalSystems,juliareach/mathematicalsystems.jl
MathieuFunctions,bbn-q/mathieufunctions.jl
MathJaxRenderer,michaelhatherly/mathjaxrenderer.jl
MathLink,juliainterop/mathlink.jl
MathML,sciml/mathml.jl
MathOptInterface,jump-dev/mathoptinterface.jl
MathOptPresolve,mtanneau/mathoptpresolve.jl
MathOptSetDistances,matbesancon/mathoptsetdistances.jl
MathProgIncidence,lanl-ansi/mathprogincidence.jl
MathTeXEngine,kolaru/mathtexengine.jl
MATLAB,juliainterop/matlab.jl
MATLABDiffEq,sciml/matlabdiffeq.jl
MatrixDepot,julialinearalgebra/matrixdepot.jl
MatrixEquations,andreasvarga/matrixequations.jl
MatrixFactorizations,julialinearalgebra/matrixfactorizations.jl
MatrixMarket,juliasparse/matrixmarket.jl
MatrixNetworks,juliagraphs/matrixnetworks.jl
MatrixOptim,edxu96/matrixoptim.jl
MatrixPencils,andreasvarga/matrixpencils.jl
MatrixPolynomials,jagot/matrixpolynomials.jl
MatrixProfile,baggepinnen/matrixprofile.jl
MatsubaraFunctions,dominikkiese/matsubarafunctions.jl
Matte,angusmoore/matte.jl
MaxMinFilters,sairus7/maxminfilters.jl
MaybeInplace,sciml/maybeinplace.jl
MbedTLS,julialang/mbedtls.jl
MCAnalyzer,juliaperf/mcanalyzer.jl
MCBayes,roualdes/mcbayes.jl
McCormick,psorlab/mccormick.jl
MCIntegration,numericaleft/mcintegration.jl
MCMCChains,turinglang/mcmcchains.jl
MCMCDiagnosticTools,turinglang/mcmcdiagnostictools.jl
mcmcse,ubc-stat-ml/mcmcse.jl
MCMCTempering,turinglang/mcmctempering.jl
MCPhylo,erathorn/mcphylo.jl
MCPTrajectoryGameSolver,juliagametheoreticplanning/mcptrajectorygamesolver.jl
MCTS,juliapomdp/mcts.jl
MCUCompiler,seelengrab/mcucompiler.jl
MCVI,juliapomdp/mcvi.jl
MD5,juliacrypto/md5.jl
MDBM,bachrathyd/mdbm.jl
MDP,adityam/mdp.jl
MDToolbox,matsunagalab/mdtoolbox.jl
MeasureBase,juliamath/measurebase.jl
Measurements,juliaphysics/measurements.jl
Measures,juliagraphics/measures.jl
MeasureTheory,juliamath/measuretheory.jl
MedEye3d,juliahealth/medeye3d.jl
Mellan,cormullion/mellan.jl
Memento,invenia/memento.jl
Memoization,marius311/memoization.jl
Memoize,juliacollections/memoize.jl
MemoizedSerialization,raphasampaio/memoizedserialization.jl
MemoryViews,biojulia/memoryviews.jl
MemPool,juliadata/mempool.jl
Mendeleev,eben60/mendeleev.jl
MendelIHT,openmendel/mendeliht.jl
MendelImpute,openmendel/mendelimpute.jl
MeshArrays,juliaclimate/mesharrays.jl
MeshCat,rdeits/meshcat.jl
MeshCatMechanisms,juliarobotics/meshcatmechanisms.jl
MeshCore,petrkryslucsd/meshcore.jl
Meshes,juliageometry/meshes.jl
MeshGraphNets,una-auxme/meshgraphnets.jl
Meshing,juliageometry/meshing.jl
MeshIntegrals,mikeingold/meshintegrals.jl
MeshViz,juliageometry/meshviz.jl
MessageUtils,juliaparallel/messageutils.jl
MessyTimeSeriesOptim,fipelle/messytimeseriesoptim.jl
MESTI,complexphoton/mesti.jl
MetacommunityDynamics,gottacatchenall/metacommunitydynamics.jl
MetadataArrays,juliaarrays/metadataarrays.jl
MetaFEM,jxx2/metafem.jl
MetaGraphs,juliagraphs/metagraphs.jl
MetaGraphsNext,juliagraphs/metagraphsnext.jl
Metaheuristics,jmejia8/metaheuristics.jl
Metal,juliagpu/metal.jl
Metalhead,fluxml/metalhead.jl
MetaTesting,juliatesting/metatesting.jl
Metatheory,juliasymbolics/metatheory.jl
MethodAnalysis,timholy/methodanalysis.jl
MethodChains,uniment/methodchains.jl
MethodOfLines,sciml/methodoflines.jl
Metida,pharmcat/metida.jl
MetidaNCA,pharmcat/metidanca.jl
Metis,juliasparse/metis.jl
Metrics,adarshkumar712/metrics.jl
Mex,byuflowlab/mex.jl
MFCC,juliadsp/mfcc.jl
MGVI,bat/mgvi.jl
MHDFlows,mhdflows/mhdflows.jl
MHLib,ac-tuwien/mhlib.jl
Mice,tom-metherell/mice.jl
Microbiome,ecojulia/microbiome.jl
MicroCanonicalHMC,jaimerzp/microcanonicalhmc.jl
MicroCollections,juliafolds/microcollections.jl
MicroFloatingPoints,goualard-f/microfloatingpoints.jl
MicroGrad,liorsinai/micrograd.jl
MicroHH,chiil/microhh.jl
MicroMagnetic,ww1g11/micromagnetic.jl
MicroMamba,juliapy/micromamba.jl
MicroscopePSFs,juliasmlm/microscopepsfs.jl
Microstructure,tinggong/microstructure.jl
MIDI,juliamusic/midi.jl
Miletus,juliacomputing/miletus.jl
Mill,ctuavastlab/mill.jl
MIMEs,juliaweb/mimes.jl
Mimi,mimiframework/mimi.jl
MimiGIVE,rffscghg/mimigive.jl
MimiIWG,rffscghg/mimiiwg.jl
MimiPAGE2009,anthofflab/mimipage2009.jl
MimiPAGE2020,openmodels/mimipage2020.jl
MimiRICE2010,anthofflab/mimirice2010.jl
MINDFul,unistuttgart-ikr/mindful.jl
Miner,ashwani-rathee/miner.jl
MinHash,jakobnissen/minhash.jl
MiniLoggers,julialogging/miniloggers.jl
MinimallyDisruptiveCurves,sciml/minimallydisruptivecurves.jl
MinimaxAdaptiveControl,kjellqvist/minimaxadaptivecontrol.jl
MiniQhull,gridap/miniqhull.jl
MinistryOfCoolWalks,henrik-wolf/ministryofcoolwalks.jl
MiniZinc,jump-dev/minizinc.jl
MinkowskiReduction,glwhart/minkowskireduction.jl
MINLPLib,lanl-ansi/minlplib.jl
MINLPTests,jump-dev/minlptests.jl
MINPACK,sglyon/minpack.jl
MIPLearn,anl-ceeesa/miplearn.jl
MIPVerify,vtjeng/mipverify.jl
MIRT,jefffessler/mirt.jl
MIRTjim,jefffessler/mirtjim.jl
Missings,juliadata/missings.jl
MITgcm,gaelforget/mitgcm.jl
MIToS,diegozea/mitos.jl
Mitosis,mschauer/mitosis.jl
MittagLeffler,juliamath/mittagleffler.jl
MixedModels,juliastats/mixedmodels.jl
MixedModelsExtras,palday/mixedmodelsextras.jl
MixedModelsMakie,palday/mixedmodelsmakie.jl
MixedModelsSim,repsychling/mixedmodelssim.jl
MixedSubdivisions,saschatimme/mixedsubdivisions.jl
MKL,julialinearalgebra/mkl.jl
MKLSparse,juliasparse/mklsparse.jl
ML,dr-ghost/ml.jl
MLBase,juliastats/mlbase.jl
MLBenchmarks,evovest/mlbenchmarks.jl
MLDatasets,juliaml/mldatasets.jl
MLFlowClient,juliaai/mlflowclient.jl
MLFlowLogger,rejuvyesh/mlflowlogger.jl
MLIR,julialabs/mlir.jl
MLJ,juliaai/mlj.jl
MLJBalancing,juliaai/mljbalancing.jl
MLJBase,juliaai/mljbase.jl
MLJDecisionTreeInterface,juliaai/mljdecisiontreeinterface.jl
MLJEnsembles,juliaai/mljensembles.jl
MLJFlow,juliaai/mljflow.jl
MLJFlux,fluxml/mljflux.jl
MLJGLMInterface,juliaai/mljglminterface.jl
MLJIteration,juliaai/mljiteration.jl
MLJLinearModels,juliaai/mljlinearmodels.jl
MLJModelInterface,juliaai/mljmodelinterface.jl
MLJModels,juliaai/mljmodels.jl
MLJMultivariateStatsInterface,juliaai/mljmultivariatestatsinterface.jl
MLJScikitLearnInterface,juliaai/mljscikitlearninterface.jl
MLJText,juliaai/mljtext.jl
MLJTuning,juliaai/mljtuning.jl
MLJXGBoostInterface,juliaai/mljxgboostinterface.jl
mlpack,mlpack/mlpack.jl
MLStyle,thautwarm/mlstyle.jl
MLUtils,juliaml/mlutils.jl
MMTF,biojulia/mmtf.jl
MNIST,johnmyleswhite/mnist.jl
Mocking,juliatesting/mocking.jl
ModalAssociationRules,aclai-lab/modalassociationrules.jl
ModalDecisionTrees,aclai-lab/modaldecisiontrees.jl
ModeCouplingTheory,ilianpihlajamaa/modecouplingtheory.jl
ModelBaseEcon,bankofcanada/modelbaseecon.jl
ModelConstructors,frbny-dsge/modelconstructors.jl
ModelExploration,algebraicjulia/modelexploration.jl
ModelingToolkit,sciml/modelingtoolkit.jl
ModelingToolkitDesigner,bradcarman/modelingtoolkitdesigner.jl
ModelingToolkitNeuralNets,sciml/modelingtoolkitneuralnets.jl
ModelingToolkitStandardLibrary,sciml/modelingtoolkitstandardlibrary.jl
ModelOrderReduction,sciml/modelorderreduction.jl
ModelParameters,rafaqz/modelparameters.jl
ModelPredictiveControl,juliacontrol/modelpredictivecontrol.jl
ModelWrappers,paschermayr/modelwrappers.jl
ModernGL,juliagl/moderngl.jl
Modia,modiasim/modia.jl
Modia3D,modiasim/modia3d.jl
ModiaBase,modiasim/modiabase.jl
Mods,scheinerman/mods.jl
Modulo2,matthias314/modulo2.jl
MOEA,xh4/moea.jl
MolecularEvolution,murrellgroup/molecularevolution.jl
MolecularGaussians,tmcgrath325/moleculargaussians.jl
MolecularGraph,mojaie/moleculargraph.jl
MolecularGraphKernels,simonensemble/moleculargraphkernels.jl
MolecularIntegrals,rpmuller/molecularintegrals.jl
MolecularMinimumDistances,m3g/molecularminimumdistances.jl
Molly,juliamolsim/molly.jl
MolSimToolkit,m3g/molsimtoolkit.jl
MoM_AllinOne,yez0226/mom_allinone.jl
MoM_Basics,deltaeecs/mom_basics.jl
MoM_Kernels,deltaeecs/mom_kernels.jl
MoM_MPI,deltaeecs/mom_mpi.jl
MomentClosure,augustinas1/momentclosure.jl
MomentOpt,lanl-ansi/momentopt.jl
MomentTensors,anowacki/momenttensors.jl
Monads,ulysses4ever/monads.jl
MondrianForests,wgunderwood/mondrianforests.jl
Mongoc,felipenoris/mongoc.jl
MonkeyLang,lucifer1004/monkeylang.jl
MonolithicFEMVLFS,oriolcg/monolithicfemvlfs.jl
MonteCarlo,carstenbauer/montecarlo.jl
MonteCarloIntegration,ranjanan/montecarlointegration.jl
MonteCarloMeasurements,baggepinnen/montecarlomeasurements.jl
MortalityTables,juliaactuary/mortalitytables.jl
MosaicViews,juliaarrays/mosaicviews.jl
Mosek,mosek/mosek.jl
MosekTools,jump-dev/mosektools.jl
Moshi,roger-luo/moshi.jl
Mosquitto,denglerchr/mosquitto.jl
MOTIFs,kchu25/motifs.jl
Mousetrap,clemapfel/mousetrap.jl
MousetrapMakie,clemapfel/mousetrapmakie.jl
MoYe,yichengdwu/moye.jl
MPBNGCInterface,milzj/mpbngcinterface.jl
MPI,juliaparallel/mpi.jl
MPIBenchmarks,juliaparallel/mpibenchmarks.jl
MPIClusterManagers,juliaparallel/mpiclustermanagers.jl
MPIHaloArrays,smillerc/mpihaloarrays.jl
MPIMeasurements,magneticparticleimaging/mpimeasurements.jl
MPIReco,magneticparticleimaging/mpireco.jl
MPISort,anicusan/mpisort.jl
MPITape,pc2/mpitape.jl
Mplay,juliamusic/mplay.jl
MPSGE,julia-mpsge/mpsge.jl
MPSKit,quantumkithub/mpskit.jl
MPSKitExperimental,maartenvd/mpskitexperimental.jl
MPSKitModels,quantumkithub/mpskitmodels.jl
MQLib,juliaqubo/mqlib.jl
MRCFile,sethaxen/mrcfile.jl
MRFingerprintingRecon,magneticresonanceimaging/mrfingerprintingrecon.jl
MRIFieldmaps,magneticresonanceimaging/mrifieldmaps.jl
MRIgeneralizedBloch,jakobasslaender/mrigeneralizedbloch.jl
MRIReco,magneticresonanceimaging/mrireco.jl
MriResearchTools,korbinian90/mriresearchtools.jl
MsgPack,juliaio/msgpack.jl
MSQR,frankwswang/msqr.jl
MTH229,mth229/mth229.jl
MuJoCo,jamiemair/mujoco.jl
MuladdMacro,sciml/muladdmacro.jl
MultiAgentAllocationTransit,sisl/multiagentallocationtransit.jl
MultiAgentPathFinding,gdalle/multiagentpathfinding.jl
MultiBroadcastFusion,clima/multibroadcastfusion.jl
MultiChannelColors,juliaimages/multichannelcolors.jl
MultiComponentFlash,moyner/multicomponentflash.jl
MultidimensionalSpectroscopy,lbmnky/multidimensionalspectroscopy.jl
MultiDocumenter,juliacomputing/multidocumenter.jl
MultifileArrays,juliaio/multifilearrays.jl
MultiFloats,dzhang314/multifloats.jl
Multigraphs,quantumbfs/multigraphs.jl
Multigrid,juliainv/multigrid.jl
MultiJuMP,anriseth/multijump.jl
MultiKDE,pizhn/multikde.jl
MultilayerGraphs,juliagraphs/multilayergraphs.jl
MultilevelEstimators,pieterjanrobbe/multilevelestimators.jl
MultinomialRegression,jocklawrie/multinomialregression.jl
MultiObjectiveAlgorithms,jump-dev/multiobjectivealgorithms.jl
MultipleScattering,juliawavescattering/multiplescattering.jl
MultiplesOfPi,jishnub/multiplesofpi.jl
MultipleTesting,juliangehring/multipletesting.jl
MultiPrecisionArrays,ctkelley/multiprecisionarrays.jl
MultiQuad,aurelio-amerio/multiquad.jl
MultiResponseVarianceComponentModels,hua-zhou/multiresponsevariancecomponentmodels.jl
MultiScaleArrays,sciml/multiscalearrays.jl
MultiscaleGraphSignalTransforms,ucd4ids/multiscalegraphsignaltransforms.jl
MultiScaleTreeGraph,vezy/multiscaletreegraph.jl
Multisets,scheinerman/multisets.jl
MultistartOptimization,tpapp/multistartoptimization.jl
MultiThreadedCaches,juliaconcurrent/multithreadedcaches.jl
MultiThreadedLU,julialinearalgebra/multithreadedlu.jl
MultithreadingBenchmarks,relationalai-oss/multithreadingbenchmarks.jl
MultivariateBases,juliaalgebra/multivariatebases.jl
MultivariateFunctions,s-baumann/multivariatefunctions.jl
MultivariateMoments,juliaalgebra/multivariatemoments.jl
MultivariateOrthogonalPolynomials,juliaapproximation/multivariateorthogonalpolynomials.jl
MultivariatePolynomials,juliaalgebra/multivariatepolynomials.jl
MultivariateStats,juliastats/multivariatestats.jl
MUMPS,juliasmoothoptimizers/mumps.jl
Muninn,odinn-sciml/muninn.jl
Muon,scverse/muon.jl
MuseInference,marius311/museinference.jl
MusicAlbums,quinnj/musicalbums.jl
MusicManipulations,juliamusic/musicmanipulations.jl
MusicProcessing,juliamusic/musicprocessing.jl
MusicTheory,juliamusic/musictheory.jl
MusicVisualizations,juliamusic/musicvisualizations.jl
Mustache,jverzani/mustache.jl
MutableNamedTuples,masonprotter/mutablenamedtuples.jl
MutationChecks,jw3126/mutationchecks.jl
Mux,juliaweb/mux.jl
MvNormalCDF,pharmcat/mvnormalcdf.jl
MyAwesomePackage,sylvaticus/myawesomepackage.jl
MySQL,juliadatabases/mysql.jl
Nabla,invenia/nabla.jl
NaiveBayes,dfdx/naivebayes.jl
NaiveGAflux,drchainsaw/naivegaflux.jl
NaiveNASflux,drchainsaw/naivenasflux.jl
NaiveNASlib,drchainsaw/naivenaslib.jl
NamedArrays,davidavdav/namedarrays.jl
NamedColors,juliagraphics/namedcolors.jl
NamedDims,invenia/nameddims.jl
NamedGraphs,itensor/namedgraphs.jl
NamedTrajectories,kestrelquantum/namedtrajectories.jl
NamedTupleTools,jeffreysarnoff/namedtupletools.jl
NamingConventions,raphasampaio/namingconventions.jl
NaNMath,juliamath/nanmath.jl
NanoDates,juliatime/nanodates.jl
Nanosoldier,juliaci/nanosoldier.jl
NaNStatistics,brenhinkeller/nanstatistics.jl
NarrativeTest,mechanicalrabbit/narrativetest.jl
NASAPrecipitation,natgeo-wong/nasaprecipitation.jl
nativeJuliaMirror,alirezaghavaminia/nativejuliamirror.jl
NativeSARSOP,juliapomdp/nativesarsop.jl
NativeSVG,benlauwens/nativesvg.jl
NATS,jakubwro/nats.jl
NaturalEarth,juliageo/naturalearth.jl
NaturalNeighbours,danielvandh/naturalneighbours.jl
NBInclude,juliainterop/nbinclude.jl
NbodyGradient,ericagol/nbodygradient.jl
NBodySimulator,sciml/nbodysimulator.jl
NCBITaxonomy,poisotlab/ncbitaxonomy.jl
NCCL,juliagpu/nccl.jl
NCDatasets,alexander-barth/ncdatasets.jl
NCEI,nosferican/ncei.jl
NCL,juliasmoothoptimizers/ncl.jl
Nclusion,microsoft/nclusion.jl
NearestCorrelationMatrix,adknudson/nearestcorrelationmatrix.jl
NearestNeighborDescent,dillondaudert/nearestneighbordescent.jl
NearestNeighborModels,juliaai/nearestneighbormodels.jl
NearestNeighbors,kristofferc/nearestneighbors.jl
Nebula,aliceroselia/nebula.jl
NeighbourLists,juliamolsim/neighbourlists.jl
NelderMead,jwscook/neldermead.jl
Nemo,nemocas/nemo.jl
NemoMod,sei-international/nemomod.jl
NEOs,perezhz/neos.jl
NEOSServer,jump-dev/neosserver.jl
Nerf,julianeuralgraphics/nerf.jl
NerfGUI,julianeuralgraphics/nerfgui.jl
NESSie,tkemmer/nessie.jl
NestedGraphs,unistuttgart-ikr/nestedgraphs.jl
NestedSamplers,turinglang/nestedsamplers.jl
NestedTuples,cscherrer/nestedtuples.jl
NetCDF,juliageo/netcdf.jl
NetSurvival,juliasurv/netsurvival.jl
NetworkDynamics,juliadynamics/networkdynamics.jl
NetworkHawkesProcesses,cswaney/networkhawkesprocesses.jl
NetworkInterfaceControllers,juliaparallel/networkinterfacecontrollers.jl
NetworkLayout,juliagraphs/networklayout.jl
NetworkOptions,julialang/networkoptions.jl
NeuralAttentionlib,chengchingwen/neuralattentionlib.jl
NeuralEstimators,msainsburydale/neuralestimators.jl
NeuralGraphPDE,yichengdwu/neuralgraphpde.jl
NeuralNetwork,trrt-good/neuralnetwork.jl
NeuralNetworkEconomics,schrimpf/neuralnetworkeconomics.jl
NeuralOperators,sciml/neuraloperators.jl
NeuralPDE,sciml/neuralpde.jl
NeuralVerification,sisl/neuralverification.jl
NeuroAnalysis,experica/neuroanalysis.jl
NeuroFlow,algebra-fun/neuroflow.jl
NeuroFormats,dfsp-spirit/neuroformats.jl
Neuroimaging,rob-luke/neuroimaging.jl
NeuronBuilder,dhruva2/neuronbuilder.jl
NeuroTreeModels,evovest/neurotreemodels.jl
Neurthino,km3net/neurthino.jl
NeutralLandscapes,ecojulia/neutrallandscapes.jl
NeutronTransport,rvignolo/neutrontransport.jl
NewickTree,arzwa/newicktree.jl
NextGenSeqUtils,murrellgroup/nextgensequtils.jl
NextGP,datasciencetoolkit/nextgp.jl
NFFT,juliamath/nfft.jl
NFFT3,nfft/nfft3.jl
NHKPM,guangzechen/nhkpm.jl
NiceNumbers,fkastner/nicenumbers.jl
NIfTI,julianeuroscience/nifti.jl
NighttimeLights,xkdr/nighttimelights.jl
NiLang,giggleliu/nilang.jl
NiLangCore,giggleliu/nilangcore.jl
NistyPQC,erich-9/nistypqc.jl
NLboxsolve,rjdennis/nlboxsolve.jl
NLLSsolver,ojwoodford/nllssolver.jl
NLopt,jump-dev/nlopt.jl
NLOptControl,juliampc/nloptcontrol.jl
NLPModels,juliasmoothoptimizers/nlpmodels.jl
NLPModelsAlgencan,pjssilva/nlpmodelsalgencan.jl
NLPModelsIpopt,juliasmoothoptimizers/nlpmodelsipopt.jl
NLPModelsJuMP,juliasmoothoptimizers/nlpmodelsjump.jl
NLPModelsKnitro,juliasmoothoptimizers/nlpmodelsknitro.jl
NLPModelsModifiers,juliasmoothoptimizers/nlpmodelsmodifiers.jl
NLPModelsTest,juliasmoothoptimizers/nlpmodelstest.jl
NLsolve,julianlsolvers/nlsolve.jl
NLSolvers,julianlsolvers/nlsolvers.jl
NLSolversBase,julianlsolvers/nlsolversbase.jl
NLSProblems,juliasmoothoptimizers/nlsproblems.jl
NMF,juliastats/nmf.jl
NmodController,arthur-fyon/nmodcontroller.jl
NMRTools,waudbygroup/nmrtools.jl
NNlib,fluxml/nnlib.jl
NNlibCUDA,fluxml/nnlibcuda.jl
Nodariety,rkurchin/nodariety.jl
NodeJS,davidanthoff/nodejs.jl
NodesAndModes,jlchan/nodesandmodes.jl
Noise,roflmaostc/noise.jl
NoiseRobustDifferentiation,adrhill/noiserobustdifferentiation.jl
NOMAD,bbopt/nomad.jl
NomaiText,evanfields/nomaitext.jl
NomnomlJS,michaelhatherly/nomnomljs.jl
Nonconvex,julianonconvex/nonconvex.jl
NonconvexUtils,julianonconvex/nonconvexutils.jl
NonLinearDynamics,meguia/nonlineardynamics.jl
NonlinearEigenproblems,nep-pack/nonlineareigenproblems.jl
NonlinearEquations,orchardlanl/nonlinearequations.jl
NonlinearSchrodinger,oashour/nonlinearschrodinger.jl
NonlinearSolve,sciml/nonlinearsolve.jl
NonlinearSystems,junyuan-chen/nonlinearsystems.jl
NonNegLeastSquares,julialinearalgebra/nonnegleastsquares.jl
NonparametricRegression,tbeason/nonparametricregression.jl
NonSmoothSolvers,gillesbareilles/nonsmoothsolvers.jl
NonuniformFFTs,jipolanco/nonuniformffts.jl
Norg,klafyvel/norg.jl
Norma,lxmota/norma.jl
NormalForms,brainandforce/normalforms.jl
Normalization,brendanjohnharris/normalization.jl
NormalizeQuantiles,oheil/normalizequantiles.jl
NormalizingFlows,turinglang/normalizingflows.jl
Notcurses,kdheepak/notcurses.jl
NoteBook,hungpham3112/notebook.jl
NotMacro,jolin-io/notmacro.jl
NovaML,ilkerarslan/novaml.jl
NPDemand,jamesbrandecon/npdemand.jl
NPZ,fhs/npz.jl
NQCDynamics,nqcd/nqcdynamics.jl
NQCModels,nqcd/nqcmodels.jl
NRRD,juliaio/nrrd.jl
NSDERungeKutta,giancarloantonucci/nsderungekutta.jl
NTFk,smarttensors/ntfk.jl
NuclearToolkit,sotayoshida/nucleartoolkit.jl
NUMA,juliaperf/numa.jl
NumberTheoreticTransforms,jakubwro/numbertheoretictransforms.jl
NumCME,voduchuy/numcme.jl
NumerAPI,richardskim111/numerapi.jl
NumericalIntegration,dextorious/numericalintegration.jl
NumericalRelaxation,koehlerson/numericalrelaxation.jl
NumericalRepresentationTheory,dlfivefifty/numericalrepresentationtheory.jl
NumericalWaveTanks,glwagner/numericalwavetanks.jl
NumericIO,ma-laforge/numericio.jl
NumerovShooting,singularitti/numerovshooting.jl
NumExpr,bhftbootcamp/numexpr.jl
NURBS,hobezwe/nurbs.jl
NVTX,juliagpu/nvtx.jl
ObjectDetector,r3tex/objectdetector.jl
ObjectFile,staticfloat/objectfile.jl
ObjectiveC,juliainterop/objectivec.jl
ObjectivePaths,fedeclaudi/objectivepaths.jl
ObjectOriented,suzhou-tongyuan/objectoriented.jl
ObjectPools,acesuit/objectpools.jl
Observables,juliagizmos/observables.jl
Observers,itensor/observers.jl
Obsidian,neelsmith/obsidian.jl
Oceananigans,clima/oceananigans.jl
OceanBasins,briochemc/oceanbasins.jl
OceanBioME,oceanbiome/oceanbiome.jl
OceanColorData,juliaocean/oceancolordata.jl
OceanGrids,briochemc/oceangrids.jl
Oceanostics,tomchor/oceanostics.jl
OceanParameterizations,clima/oceanparameterizations.jl
OceanRobots,juliaocean/oceanrobots.jl
OCReract,leferrad/ocreract.jl
Octavian,julialinearalgebra/octavian.jl
OCTHaGOn,1ozturkbe/octhagon.jl
Octo,wookay/octo.jl
Octonions,juliageometry/octonions.jl
ODBC,juliadatabases/odbc.jl
ODE,sciml/ode.jl
ODEInterfaceDiffEq,sciml/odeinterfacediffeq.jl
ODINN,odinn-sciml/odinn.jl
OdsIO,sylvaticus/odsio.jl
Oetqf,shipengcheng1230/oetqf.jl
OffsetArrays,juliaarrays/offsetarrays.jl
OHDSICohortExpressions,mechanicalrabbit/ohdsicohortexpressions.jl
OhMyREPL,kristofferc/ohmyrepl.jl
OhMyThreads,juliafolds2/ohmythreads.jl
OIFITS,emmt/oifits.jl
OITOOLS,fabienbaron/oitools.jl
OldExamples,nrel-sienna/oldexamples.jl
Olive,chifisource/olive.jl
OliveNotebooks,chifisource/olivenotebooks.jl
OlivePython,chifisource/olivepython.jl
Omega,zenna/omega.jl
OMEinsum,under-peter/omeinsum.jl
OMEinsumContractionOrders,tensorbfs/omeinsumcontractionorders.jl
OMETIFF,tlnagy/ometiff.jl
OmicsProfiles,juliasinglecellomics/omicsprofiles.jl
OMJulia,openmodelica/omjulia.jl
OmniPackage,juliacomputing/omnipackage.jl
Omniscape,circuitscape/omniscape.jl
OMOPCDMCohortCreator,juliahealth/omopcdmcohortcreator.jl
Onda,beacon-biosignals/onda.jl
oneAPI,juliagpu/oneapi.jl
OneHotArrays,fluxml/onehotarrays.jl
OnePhase,ohinder/onephase.jl
OnlinePortfolioAnalytics,femtotrader/onlineportfolioanalytics.jl
OnlinePortfolioSelection,shayandavoodii/onlineportfolioselection.jl
OnlineSampling,wazizian/onlinesampling.jl
OnlineStats,joshday/onlinestats.jl
OnlineStatsBase,joshday/onlinestatsbase.jl
OnlineTechnicalIndicators,femtotrader/onlinetechnicalindicators.jl
ONNX,fluxml/onnx.jl
ONNXNaiveNASflux,drchainsaw/onnxnaivenasflux.jl
ONNXRunTime,jw3126/onnxruntime.jl
ONSAS,onsas/onsas.jl
OohataHuzinaga,hartreefoca/oohatahuzinaga.jl
Open62541,martinkosch/open62541.jl
OpenADMIXTURE,openmendel/openadmixture.jl
OpenAI,juliaml/openai.jl
OpenAIReplMode,anandijain/openaireplmode.jl
OpenAPI,juliacomputing/openapi.jl
OpenCL,juliagpu/opencl.jl
OpenCV,maxruby/opencv.jl
OpenDSSDirect,dss-extensions/opendssdirect.jl
OpenEphysLoader,galenlynch/openephysloader.jl
OpenEXR,twadleigh/openexr.jl
OpenFHE,hpsc-lab/openfhe.jl
OpenGeoSysUncertaintyQuantification,baxmittens/opengeosysuncertaintyquantification.jl
OpenIDConnect,tanmaykm/openidconnect.jl
OpenKolmogorovFlow,gasagna/openkolmogorovflow.jl
OpenMDAO,byuflowlab/openmdao.jl
openPMD,eschnett/openpmd.jl
OpenQASM,quantumbfs/openqasm.jl
OpenQuantumBase,uscqserver/openquantumbase.jl
OpenQuantumTools,uscqserver/openquantumtools.jl
OpenSpiel,juliareinforcementlearning/openspiel.jl
OpenSSL,juliaweb/openssl.jl
OpenSSL_jll,juliabinarywrappers/openssl_jll.jl
OpenStreetMapPBF,mattwigway/openstreetmappbf.jl
OpenStreetMapX,pszufe/openstreetmapx.jl
OpenStreetMapXPlot,pszufe/openstreetmapxplot.jl
OpenTelemetry,oolong-dev/opentelemetry.jl
OpenXL,bhftbootcamp/openxl.jl
OperationsResearchModels,jbytecode/operationsresearchmodels.jl
OperatorFlux,clima/operatorflux.jl
OperatorLearning,sciml/operatorlearning.jl
OPFLearn,nrel/opflearn.jl
OptControl,ai4energy/optcontrol.jl
OpticSim,brianguenter/opticsim.jl
OptiFloat,nmheim/optifloat.jl
Optim,julianlsolvers/optim.jl
OptimalBids,andrewrosemberg/optimalbids.jl
OptimalControl,control-toolbox/optimalcontrol.jl
OptimalMatrixCompletion,sean-lo/optimalmatrixcompletion.jl
OptimalTransport,juliaoptimaltransport/optimaltransport.jl
OptimalTransportNetworks,sebkrantz/optimaltransportnetworks.jl
Optimisers,fluxml/optimisers.jl
Optimization,sciml/optimization.jl
OptimizationBase,sciml/optimizationbase.jl
OptimizationProblems,juliasmoothoptimizers/optimizationproblems.jl
OptimizingIR,felipenoris/optimizingir.jl
OptimKit,jutho/optimkit.jl
OptimLBFGSB,sethaxen/optimlbfgsb.jl
OptimPackNextGen,emmt/optimpacknextgen.jl
Oracle,felipenoris/oracle.jl
OrbitalElements,juliastellardynamics/orbitalelements.jl
OrbitalTrajectories,dpad/orbitaltrajectories.jl
Orbits,juliaastro/orbits.jl
OrderedCollections,juliacollections/orderedcollections.jl
OrdinalGWAS,openmendel/ordinalgwas.jl
OrdinalMultinomialModels,openmendel/ordinalmultinomialmodels.jl
OrdinaryDiffEq,sciml/ordinarydiffeq.jl
Org,tecosaur/org.jl
Oscar,oscar-system/oscar.jl
OscillatoryIntegrals,juliaapproximation/oscillatoryintegrals.jl
OSMMakie,makieorg/osmmakie.jl
OSMToolset,pszufe/osmtoolset.jl
OSQP,osqp/osqp.jl
OteraEngine,mommawatasu/oteraengine.jl
OutlierDetection,outlierdetectionjl/outlierdetection.jl
OutlierDetectionNetworks,outlierdetectionjl/outlierdetectionnetworks.jl
OutputCollectors,juliapackaging/outputcollectors.jl
OverflowContexts,juliamath/overflowcontexts.jl
Overseer,louisponet/overseer.jl
Oxygen,oxygenframework/oxygen.jl
P4est,trixi-framework/p4est.jl
P4est_wrapper,gridap/p4est_wrapper.jl
P4estTypes,lcw/p4esttypes.jl
PackageAnalyzer,juliaecosystem/packageanalyzer.jl
PackageCompatUI,gunnarfarneback/packagecompatui.jl
PackageCompiler,julialang/packagecompiler.jl
PackageExtensionCompat,cjdoris/packageextensioncompat.jl
Packmol,m3g/packmol.jl
PacMan,mossr/pacman.jl
PaddedViews,juliaarrays/paddedviews.jl
PairPlots,sefffal/pairplots.jl
Pajarito,jump-dev/pajarito.jl
PALEOocean,paleotoolkit/paleoocean.jl
PANDA,hmorlon/panda.jl
PandaModels,e2niee/pandamodels.jl
Pandas,juliapy/pandas.jl
PandasJSON,cjdoris/pandasjson.jl
Pandoc,kdheepak/pandoc.jl
PAndQ,jakobjpeters/pandq.jl
PanelDataTools,eirikbrandsaas/paneldatatools.jl
PanelShift,fuzhiyu/panelshift.jl
PAPI,juliaperf/papi.jl
ParallelDataTransfer,chrisrackauckas/paralleldatatransfer.jl
ParallelKMeans,pydatablog/parallelkmeans.jl
ParallelMergeCSR,queracomputing/parallelmergecsr.jl
ParallelProcessingTools,oschulz/parallelprocessingtools.jl
ParallelRandomFields,luraess/parallelrandomfields.jl
ParallelStencil,omlins/parallelstencil.jl
ParameterEstimocean,clima/parameterestimocean.jl
ParameterHandling,juliagaussianprocesses/parameterhandling.jl
ParameterizedFunctions,sciml/parameterizedfunctions.jl
ParameterizedNotebooks,marius311/parameterizednotebooks.jl
Parameters,mauro3/parameters.jl
ParameterSchedulers,fluxml/parameterschedulers.jl
ParameterSpacePartitions,itsdfish/parameterspacepartitions.jl
ParametricBodies,waterlily-jl/parametricbodies.jl
ParametricMachinesDemos,limenresearch/parametricmachinesdemos.jl
ParametricMCPs,juliagametheoreticplanning/parametricmcps.jl
ParametricOptInterface,jump-dev/parametricoptinterface.jl
ParametrisedConvexApproximators,jinraekim/parametrisedconvexapproximators.jl
ParamLevelSet,juliainv/paramlevelset.jl
ParamViz,clima/paramviz.jl
Pardiso,juliasparse/pardiso.jl
ParetoSmooth,turinglang/paretosmooth.jl
ParetoSmoothedImportanceSampling,statisticalrethinkingjulia/paretosmoothedimportancesampling.jl
ParProx,kose-y/parprox.jl
Parquet,juliaio/parquet.jl
ParserCombinator,andrewcooke/parsercombinator.jl
Parsers,juliadata/parsers.jl
PartialFunctions,archermarx/partialfunctions.jl
PartialFuns,uniment/partialfuns.jl
PartialLeastSquaresRegressor,lalvim/partialleastsquaresregressor.jl
PartiallyObservedInverseGames,prbonn/partiallyobservedinversegames.jl
PartiallySeparableNLPModels,juliasmoothoptimizers/partiallyseparablenlpmodels.jl
ParticleDA,team-raddish/particleda.jl
ParticleFilters,juliapomdp/particlefilters.jl
ParticleFilterTrees,whifflefish/particlefiltertrees.jl
ParticleInCell,juliavlasov/particleincell.jl
ParticleInCellCodeGolf,jwscook/particleincellcodegolf.jl
PartitionedArrays,fverdugo/partitionedarrays.jl
PartitionedLS,ml-unito/partitionedls.jl
PartitionedStructures,juliasmoothoptimizers/partitionedstructures.jl
PartitionedVectors,juliasmoothoptimizers/partitionedvectors.jl
PartonDensity,cescalara/partondensity.jl
PassiveTracerFlows,fourierflows/passivetracerflows.jl
PastaQ,gtorlai/pastaq.jl
Pathfinder,mlcolab/pathfinder.jl
PATHSolver,chkwon/pathsolver.jl
PauliStrings,nicolasloizeau/paulistrings.jl
Pavito,jump-dev/pavito.jl
Pcap,juliaio/pcap.jl
PcoCameras,ehgus/pcocameras.jl
PDBTools,m3g/pdbtools.jl
PDDL,juliaplanners/pddl.jl
PDDLViz,juliaplanners/pddlviz.jl
PDEBase,sciml/pdebase.jl
PDELib,wias-berlin/pdelib.jl
PDENLPModels,juliasmoothoptimizers/pdenlpmodels.jl
PDESystemLibrary,sciml/pdesystemlibrary.jl
PDFIO,sambitdash/pdfio.jl
PDFmerger,scheidan/pdfmerger.jl
PDMaterialPoints,ravinderbhattoo/pdmaterialpoints.jl
PDMats,juliastats/pdmats.jl
PDMatsExtras,invenia/pdmatsextras.jl
PDQP,jinwen-yang/pdqp.jl
PeaceFounder,peacefounder/peacefounder.jl
Peaks,halleysfifthinc/peaks.jl
PEG,wdebeaum/peg.jl
PencilArrays,jipolanco/pencilarrays.jl
PencilFFTs,jipolanco/pencilffts.jl
Penopt,jump-dev/penopt.jl
PEPSKit,quantumkithub/pepskit.jl
Percival,juliasmoothoptimizers/percival.jl
PerfChecker,juliaconstraints/perfchecker.jl
Performance,advancedscientificcomputinginjuliawashu/performance.jl
Peridynamics,kaipartmann/peridynamics.jl
PeriLab,perihub/perilab.jl
PeriodicalDates,matthieugomez/periodicaldates.jl
PeriodicSchurDecompositions,ralphas/periodicschurdecompositions.jl
PeriodicTable,juliaphysics/periodictable.jl
Permanents,benoitseron/permanents.jl
PermaProgress,tpapp/permaprogress.jl
Permutations,scheinerman/permutations.jl
Persa,juliarecsys/persa.jl
PersistenceDiagrams,mtsch/persistencediagrams.jl
PEtab,sebapersson/petab.jl
PETLION,marcberliner/petlion.jl
Petri,algebraicjulia/petri.jl
PETSc,juliaparallel/petsc.jl
PetscCall,fverdugo/petsccall.jl
PetscWrap,bmxam/petscwrap.jl
PFFRGSolver,dominikkiese/pffrgsolver.jl
PGFPlots,juliatex/pgfplots.jl
PGFPlotsX,kristofferc/pgfplotsx.jl
PharmaceuticalClassification,juliahealth/pharmaceuticalclassification.jl
PhaseSpaceTools,ashtonsbradley/phasespacetools.jl
Phonetics,maetshju/phonetics.jl
PhotoAcoustic,slimgroup/photoacoustic.jl
Photometry,juliaastro/photometry.jl
PhyBEARS,nmatzke/phybears.jl
Phylo,ecojulia/phylo.jl
PhyloCoalSimulations,juliaphylo/phylocoalsimulations.jl
PhyloNetworks,juliaphylo/phylonetworks.jl
PhyloPlots,juliaphylo/phyloplots.jl
PhyloTools,shaul-pollak/phylotools.jl
PhyNEST,sungsik-kong/phynest.jl
PhysicalConstants,juliaphysics/physicalconstants.jl
PhysicalOptics,juliaphysics/physicaloptics.jl
PhysicalParticles,juliaastrosim/physicalparticles.jl
PhysOcean,gher-uliege/physocean.jl
PianoFingering,juliamusic/pianofingering.jl
Piccolo,kestrelquantum/piccolo.jl
Pickle,chengchingwen/pickle.jl
PicoSAT,sisl/picosat.jl
Pidfile,vtjnash/pidfile.jl
PiecewiseDeterministicMarkovProcesses,rveltz/piecewisedeterministicmarkovprocesses.jl
PiecewiseInference,vboussange/piecewiseinference.jl
PiecewiseLinearApprox,rjdennis/piecewiselinearapprox.jl
PiecewiseOrthogonalPolynomials,juliaapproximation/piecewiseorthogonalpolynomials.jl
Pigeons,julia-tempering/pigeons.jl
PikaParser,lcsb-biocore/pikaparser.jl
Pinecone,tullytim/pinecone.jl
Pingouin,clementpoiret/pingouin.jl
PingPong,panifie/pingpong.jl
Pioneer,nwamsley1/pioneer.jl
Pipelines,cihga39871/pipelines.jl
Pipette,umlet/pipette.jl
Pkg,julialang/pkg.jl
PkgBenchmark,juliaci/pkgbenchmark.jl
PkgButlerEngine,davidanthoff/pkgbutlerengine.jl
PkgCacheInspector,timholy/pkgcacheinspector.jl
PkgCite,sebastianm-c/pkgcite.jl
PkgCleanup,giordano/pkgcleanup.jl
PkgDependency,peng1999/pkgdependency.jl
PkgEval,juliaci/pkgeval.jl
PkgGraph,tfiers/pkggraph.jl
PkgHelpers,ufechner7/pkghelpers.jl
PkgJogger,awadell1/pkgjogger.jl
PkgOnlineHelp,simonp0420/pkgonlinehelp.jl
PkgServer,juliapackaging/pkgserver.jl
PkgServerClient,johnnychen94/pkgserverclient.jl
PkgServerLogAnalysis,juliapackaging/pkgserverloganalysis.jl
PkgSkeleton,tpapp/pkgskeleton.jl
PkgTemplates,juliaci/pkgtemplates.jl
PkgToSoftwareBOM,samuraiaku/pkgtosoftwarebom.jl
PkgVersion,klausc/pkgversion.jl
PlanarConvexHulls,tkoolen/planarconvexhulls.jl
Planck,juliaastro/planck.jl
PlanetaryEphemeris,perezhz/planetaryephemeris.jl
PlanetOrbits,sefffal/planetorbits.jl
PlanktonIndividuals,juliaocean/planktonindividuals.jl
PlanningDomains,juliaplanners/planningdomains.jl
PlantBiophysics,vezy/plantbiophysics.jl
PlantSimEngine,virtualplantlab/plantsimengine.jl
Plasmo,plasmo-dev/plasmo.jl
PlasmoAlgorithms,bbrunaud/plasmoalgorithms.jl
PlasmoData,zavalab/plasmodata.jl
PlatformAware,platformawareprogramming/platformaware.jl
PlayingCards,charleskawczynski/playingcards.jl
Plinf,ztangent/plinf.jl
PlmDCA,pagnani/plmdca.jl
PlotIter,tpgillam/plotiter.jl
Plotly,plotly/plotly.jl
PlotlyBase,sglyon/plotlybase.jl
PlotlyDocumenter,disberd/plotlydocumenter.jl
PlotlyJS,juliaplots/plotlyjs.jl
PlotlyKaleido,juliaplots/plotlykaleido.jl
PlotlyLight,juliacomputing/plotlylight.jl
Plots,juliaplots/plots.jl
PlotThemes,juliaplots/plotthemes.jl
PlotUtils,juliaplots/plotutils.jl
Plugins,tisztamo/plugins.jl
Pluto,fonsp/pluto.jl
PlutoArticles,ctrekker/plutoarticles.jl
PlutoDependencyExplorer,juliapluto/plutodependencyexplorer.jl
PlutoDevMacros,disberd/plutodevmacros.jl
PlutoExtras,disberd/plutoextras.jl
PlutoGrader,lucaferranti/plutograder.jl
PlutoHooks,juliapluto/plutohooks.jl
PlutoImageCoordinatePicker,fonsp/plutoimagecoordinatepicker.jl
PlutoLinks,juliapluto/plutolinks.jl
PlutoMapPicker,lukavdplas/plutomappicker.jl
PlutoPages,juliapluto/plutopages.jl
PlutoPDF,juliapluto/plutopdf.jl
PlutoPlotly,juliapluto/plutoplotly.jl
PlutoSerialization,michaelhatherly/plutoserialization.jl
PlutoSliderServer,juliapluto/plutosliderserver.jl
PlutoStaticHTML,rikhuijzer/plutostatichtml.jl
PlutoStyles,juliaaplavin/plutostyles.jl
PlutoTeachingTools,juliapluto/plutoteachingtools.jl
PlutoTest,juliapluto/plutotest.jl
PlutoTurtles,juliapluto/plutoturtles.jl
PlutoUI,juliapluto/plutoui.jl
PlutoVista,j-fu/plutovista.jl
PlutoVSCodeDebugger,disberd/plutovscodedebugger.jl
PlutoWorkspaceExplorer,jackdevine/plutoworkspaceexplorer.jl
PNGFiles,juliaio/pngfiles.jl
POETs,varnerlab/poets.jl
PoGO,adow031/pogo.jl
PointBasedValueIteration,juliapomdp/pointbasedvalueiteration.jl
PointCloudRasterizers,deltares/pointcloudrasterizers.jl
PointerStructs,juliasimd/pointerstructs.jl
PointNeighbors,trixi-framework/pointneighbors.jl
PointPatterns,juliohm/pointpatterns.jl
PointProcesses,gdalle/pointprocesses.jl
PointSpreadFunctions,rainerheintzmann/pointspreadfunctions.jl
PoissonRandom,sciml/poissonrandom.jl
PokerHandEvaluator,charleskawczynski/pokerhandevaluator.jl
PolaronQMC,frost-group/polaronqmc.jl
Polars,pangoraw/polars.jl
Pollen,lorenzoh/pollen.jl
Poltergeist,wormell/poltergeist.jl
Poly,algebraicjulia/poly.jl
PolyChaos,sciml/polychaos.jl
Polyester,juliasimd/polyester.jl
PolyesterForwardDiff,juliadiff/polyesterforwarddiff.jl
PolyesterWeave,juliasimd/polyesterweave.jl
PolygonAlgorithms,liorsinai/polygonalgorithms.jl
PolygonArea,mancellin/polygonarea.jl
PolygonIO,pydatablog/polygonio.jl
Polyhedra,juliapolyhedra/polyhedra.jl
PolyhedralRelaxations,sujeevraja/polyhedralrelaxations.jl
PolyJuMP,jump-dev/polyjump.jl
Polylabel,asinghvi17/polylabel.jl
Polyline,nikstoyanov/polyline.jl
PolyLog,expander/polylog.jl
Polymake,oscar-system/polymake.jl
PolynomialBases,ranocha/polynomialbases.jl
PolynomialGTM,cadojo/polynomialgtm.jl
PolynomialRings,tkluck/polynomialrings.jl
PolynomialRoots,giordano/polynomialroots.jl
Polynomials,juliamath/polynomials.jl
Polynomials4ML,acesuit/polynomials4ml.jl
PolynomialTestSystems,juliahomotopycontinuation/polynomialtestsystems.jl
PolyOrigin,chaozhi/polyorigin.jl
POMCPOW,juliapomdp/pomcpow.jl
POMDPFiles,juliapomdp/pomdpfiles.jl
POMDPGallery,juliapomdp/pomdpgallery.jl
POMDPModelChecking,sisl/pomdpmodelchecking.jl
POMDPs,juliapomdp/pomdps.jl
POMDPSolve,juliapomdp/pomdpsolve.jl
POMDPStressTesting,sisl/pomdpstresstesting.jl
POMDPToolbox,juliapomdp/pomdptoolbox.jl
PooledArrays,juliadata/pooledarrays.jl
PopGen,biojulia/popgen.jl
PopGenCore,biojulia/popgencore.jl
Poptart,wookay/poptart.jl
PoreMatMod,simonensemble/porematmod.jl
Porta,iamazadi/porta.jl
PortAudio,juliaaudio/portaudio.jl
PortfolioAnalytics,doganmehmet/portfolioanalytics.jl
PortfolioOpt,andrewrosemberg/portfolioopt.jl
PortfolioOptimiser,dcelisgarza/portfoliooptimiser.jl
PortHamiltonianBenchmarkSystems,algopaul/porthamiltonianbenchmarksystems.jl
PosDefManifold,marco-congedo/posdefmanifold.jl
PosDefManifoldML,marco-congedo/posdefmanifoldml.jl
Posets,scheinerman/posets.jl
PositiveIntegrators,skopecz/positiveintegrators.jl
PossibilisticArithmetic,andergray/possibilisticarithmetic.jl
PosteriorDB,sethaxen/posteriordb.jl
PosteriorStats,arviz-devs/posteriorstats.jl
PostgresORM,juliapostgresorm/postgresorm.jl
PostNewtonian,moble/postnewtonian.jl
PotentialLearning,cesmix-mit/potentiallearning.jl
PovertyAndInequalityMeasures,grahamstark/povertyandinequalitymeasures.jl
PowerAnalyses,rikhuijzer/poweranalyses.jl
PowerDynamics,juliaenergy/powerdynamics.jl
PowerFlows,nrel-sienna/powerflows.jl
PowerGraphics,nrel-sienna/powergraphics.jl
PowerLawNoise,astrogewgaw/powerlawnoise.jl
PowerModels,lanl-ansi/powermodels.jl
PowerModelsADA,mkhraijah/powermodelsada.jl
PowerModelsAnalytics,lanl-ansi/powermodelsanalytics.jl
PowerModelsAnnex,lanl-ansi/powermodelsannex.jl
PowerModelsDistribution,lanl-ansi/powermodelsdistribution.jl
PowerModelsDistributionStateEstimation,electa-git/powermodelsdistributionstateestimation.jl
PowerModelsITD,lanl-ansi/powermodelsitd.jl
PowerModelsONM,lanl-ansi/powermodelsonm.jl
PowerModelsProtection,lanl-ansi/powermodelsprotection.jl
PowerModelsRestoration,lanl-ansi/powermodelsrestoration.jl
PowerModelsSecurityConstrained,lanl-ansi/powermodelssecurityconstrained.jl
PowerModelsWildfire,wispo-pop/powermodelswildfire.jl
PowerMonitor,ianbutterworth/powermonitor.jl
PowerNetworkMatrices,nrel-sienna/powernetworkmatrices.jl
PowerSeries,jwmerrill/powerseries.jl
PowerSimulations,nrel-sienna/powersimulations.jl
PowerSimulationsDynamics,nrel-sienna/powersimulationsdynamics.jl
PowerSpectra,xzackli/powerspectra.jl
PowerSystemCaseBuilder,nrel-sienna/powersystemcasebuilder.jl
PowerSystems,nrel-sienna/powersystems.jl
PowerSystemsInvestments,nrel-sienna/powersystemsinvestments.jl
PowerSystemsInvestmentsPortfolios,nrel-sienna/powersystemsinvestmentsportfolios.jl
PProf,juliaperf/pprof.jl
PPSeq,lindermanlab/ppseq.jl
PPTX,asml-labs/pptx.jl
PreallocationTools,sciml/preallocationtools.jl
PreCICE,precice/precice.jl
PrecompileAfterUpdate,roflmaostc/precompileafterupdate.jl
PrecompileTools,julialang/precompiletools.jl
Preconditioners,julialinearalgebra/preconditioners.jl
PredefinedDynamicalSystems,juliadynamics/predefineddynamicalsystems.jl
Preferences,juliapackaging/preferences.jl
PreferenceTools,cjdoris/preferencetools.jl
PreprocessMD,bcbi/preprocessmd.jl
PresentationScheduling,thchr/presentationscheduling.jl
PressureDrop,jnoynaert/pressuredrop.jl
PrettyChairmarks,astrozot/prettychairmarks.jl
PrettyDoc,thautwarm/prettydoc.jl
PrettyNumbers,ronisbr/prettynumbers.jl
PrettyPrinting,mechanicalrabbit/prettyprinting.jl
PrettyTables,ronisbr/prettytables.jl
PrettyTests,tpapalex/prettytests.jl
PRIMA,libprima/prima.jl
Primes,juliamath/primes.jl
PrivateFields,sbuercklin/privatefields.jl
ProbabilisticCircuits,tractables/probabilisticcircuits.jl
Probably,jakobnissen/probably.jl
ProblemReductions,giggleliu/problemreductions.jl
ProbNumDiffEq,nathanaelbosch/probnumdiffeq.jl
ProfileCanvas,pfitzseb/profilecanvas.jl
ProfileEndpoints,juliaperf/profileendpoints.jl
ProfileLikelihood,danielvandh/profilelikelihood.jl
ProfileSVG,kimikage/profilesvg.jl
ProfileVega,davidanthoff/profilevega.jl
ProfileView,timholy/profileview.jl
Progradio,judo-dev/progradio.jl
ProgressBars,cloud-oak/progressbars.jl
ProgressLogging,julialogging/progresslogging.jl
ProgressMeter,timholy/progressmeter.jl
Proj,juliageo/proj.jl
ProjectEuler,udohjeremiah/projecteuler.jl
ProjectRoot,jolars/projectroot.jl
Prometheus,fredrikekre/prometheus.jl
PromptingTools,svilupp/promptingtools.jl
PRONTO,narijauskas/pronto.jl
PROPACK,juliasmoothoptimizers/propack.jl
PropCheck,seelengrab/propcheck.jl
PropDicts,oschulz/propdicts.jl
PropertyFunctions,oschulz/propertyfunctions.jl
PropertyUtils,joshday/propertyutils.jl
ProportionalFitting,vankesteren/proportionalfitting.jl
ProteinEnsembles,jgreener64/proteinensembles.jl
ProteinSecondaryStructures,biojulia/proteinsecondarystructures.jl
ProtoBuf,juliaio/protobuf.jl
ProtoGrad,lostella/protograd.jl
ProToPortal,svilupp/protoportal.jl
ProtoStructs,beastyblacksmith/protostructs.jl
ProtoSyn,sergio-santos-group/protosyn.jl
ProtPlot,murrellgroup/protplot.jl
ProxAL,exanauts/proxal.jl
ProximalAlgorithms,juliafirstorder/proximalalgorithms.jl
ProximalOperators,juliafirstorder/proximaloperators.jl
ProxSDP,mariohsouto/proxsdp.jl
ProxyInterfaces,jolin-io/proxyinterfaces.jl
PSDMatrices,nathanaelbosch/psdmatrices.jl
PseudoPotentialIO,azadoks/pseudopotentialio.jl
Pseudospectra,ralphas/pseudospectra.jl
PSFModels,juliaastro/psfmodels.jl
PSID,aaowens/psid.jl
PSIS,arviz-devs/psis.jl
PSOGPU,sciml/psogpu.jl
PSRClassesInterface,psrenergy/psrclassesinterface.jl
PSSFSS,simonp0420/pssfss.jl
Psychro,termolivre/psychro.jl
PtrArrays,lilithhafner/ptrarrays.jl
PtyLab,ptylab/ptylab.jl
PubChem,sciml/pubchem.jl
PubChemCrawler,juliahealth/pubchemcrawler.jl
PubChemReactions,sciml/pubchemreactions.jl
Public,julialang/public.jl
PublicAPI,juliafolds2/publicapi.jl
PulseInputDDM,brody-lab/pulseinputddm.jl
Pulses,rustybamboo/pulses.jl
puMPS,futen/pumps.jl
PureFun,tarakc02/purefun.jl
PWDFT,f-fathurrahman/pwdft.jl
PWF,lampspuc/pwf.jl
PyBaMM,valentinsulzer/pybamm.jl
PyCall,juliapy/pycall.jl
PyMNE,beacon-biosignals/pymne.jl
PyPlot,juliapy/pyplot.jl
PyramidScheme,juliadatacubes/pyramidscheme.jl
PyThermo,stillyslalom/pythermo.jl
PythonCall,juliapy/pythoncall.jl
PythonOT,juliaoptimaltransport/pythonot.jl
PythonPlot,juliapy/pythonplot.jl
PythonStructs,mkitti/pythonstructs.jl
Qaintessent,qaintum/qaintessent.jl
QAOA,fzj-pgi-12/qaoa.jl
QDLDL,oxfordcontrol/qdldl.jl
QED,qedjl-project/qed.jl
QEDbase,qedjl-project/qedbase.jl
QGIS,juliacomputing/qgis.jl
QGL,bbn-q/qgl.jl
QHull,juliapolyhedra/qhull.jl
QInsControl,faresx/qinscontrol.jl
QiskitOpt,juliaqubo/qiskitopt.jl
QMDDocTools,medyan-dev/qmddoctools.jl
QMDP,juliapomdp/qmdp.jl
QML,juliagraphics/qml.jl
QMPS,frankwswang/qmps.jl
QPALM,kul-optec/qpalm.jl
QRCoders,juliaimages/qrcoders.jl
QRDecoders,juliaimages/qrdecoders.jl
QRMumps,juliasmoothoptimizers/qrmumps.jl
QRupdate,mpf/qrupdate.jl
QSM,kamesy/qsm.jl
QuackIO,juliaaplavin/quackio.jl
QuadGK,juliamath/quadgk.jl
Quadmath,juliamath/quadmath.jl
QuadraticEquation,goualard-f/quadraticequation.jl
QuadraticHamiltonians,cometscome/quadratichamiltonians.jl
QuadraticModels,juliasmoothoptimizers/quadraticmodels.jl
QuadraticProgramNetworks,forrestlaine/quadraticprogramnetworks.jl
QuAlgorithmZoo,quantumbfs/qualgorithmzoo.jl
QuanEstimation,quanestimation/quanestimation.jl
QuanserInterface,juliacomputing/quanserinterface.jl
QuantEcon,quantecon/quantecon.jl
Quantica,pablosanjose/quantica.jl
QuantileRegressions,pkofod/quantileregressions.jl
QuantitativeSusceptibilityMappingTGV,korbinian90/quantitativesusceptibilitymappingtgv.jl
QuantizedArrays,zgornel/quantizedarrays.jl
QuantumACES,evanhockings/quantumaces.jl
QuantumAlgebra,jfeist/quantumalgebra.jl
QuantumAnnealing,lanl-ansi/quantumannealing.jl
QuantumBilliards,clozej/quantumbilliards.jl
QuantumCircuitOpt,harshangrjn/quantumcircuitopt.jl
QuantumClifford,quantumsavory/quantumclifford.jl
QuantumCollocation,kestrelquantum/quantumcollocation.jl
QuantumControl,juliaquantumcontrol/quantumcontrol.jl
QuantumCumulants,qojulia/quantumcumulants.jl
QuantumDynamics,amartyabose/quantumdynamics.jl
QuantumESPRESSOBase,mineralscloud/quantumespressobase.jl
QuantumFoca,leticia-maria/quantumfoca.jl
QuantumGradientGenerators,juliaquantumcontrol/quantumgradientgenerators.jl
QuantumInformation,iitis/quantuminformation.jl
QuantumInterface,qojulia/quantuminterface.jl
QuantumLattices,quantum-many-body/quantumlattices.jl
QuantumMAMBO,iloaiza/quantummambo.jl
QuantumMeasurements,pasqal-io/quantummeasurements.jl
QuantumNLDiffEq,sciml/quantumnldiffeq.jl
QuantumNPA,ewoodhead/quantumnpa.jl
QuantumOptics,qojulia/quantumoptics.jl
QuantumOptics-documentation,qojulia/quantumoptics.jl-documentation
QuantumOpticsBase,qojulia/quantumopticsbase.jl
QuantumPEPS,giggleliu/quantumpeps.jl
QuantumPropagators,juliaquantumcontrol/quantumpropagators.jl
QuantumSavory,quantumsavory/quantumsavory.jl
QuantumSymbolics,quantumsavory/quantumsymbolics.jl
QuantumToolbox,qutip/quantumtoolbox.jl
QuartetNetworkGoodnessFit,juliaphylo/quartetnetworkgoodnessfit.jl
QuartoDocBuilder,vituri/quartodocbuilder.jl
QuartoNotebookRunner,pumasai/quartonotebookrunner.jl
QuartzImageIO,juliaio/quartzimageio.jl
QuasiArrays,juliaapproximation/quasiarrays.jl
QuasiMonteCarlo,sciml/quasimontecarlo.jl
QuasinormalModes,lucass-carneiro/quasinormalmodes.jl
QuasiStableColors,mkyl/quasistablecolors.jl
Quaternionic,moble/quaternionic.jl
Quaternions,juliageometry/quaternions.jl
QUBO,juliaqubo/qubo.jl
QUBODrivers,juliaqubo/qubodrivers.jl
QUBOTools,juliaqubo/qubotools.jl
QuDiffEq,quantumbfs/qudiffeq.jl
Query,queryverse/query.jl
Queryverse,queryverse/queryverse.jl
QuEST,ediparquantum/quest.jl
QuestDBClient,ochibobo/questdbclient.jl
QuickHeaps,emmt/quickheaps.jl
Quickhull,augustt198/quickhull.jl
QuickMag,nexus-prime/quickmag.jl
QuickPOMDPs,juliapomdp/quickpomdps.jl
QuickTypes,cstjean/quicktypes.jl
Quiqbox,frankwswang/quiqbox.jl
QuizQuestions,jverzani/quizquestions.jl
RadeonProRender,juliagraphics/radeonprorender.jl
RadiationDetectorDSP,juliaphysics/radiationdetectordsp.jl
RadiationDetectorSignals,juliaphysics/radiationdetectorsignals.jl
RadiationSpectra,juliaphysics/radiationspectra.jl
RadiiPolynomial,olivierhnt/radiipolynomial.jl
RadonKA,roflmaostc/radonka.jl
RAFF,fsobral/raff.jl
RainFARM,jhardenberg/rainfarm.jl
Rainflow,dhoegh/rainflow.jl
Random123,juliarandom/random123.jl
RandomExtensions,juliarandom/randomextensions.jl
RandomFeatures,clima/randomfeatures.jl
RandomizedLinAlg,julialinearalgebra/randomizedlinalg.jl
RandomizedPreconditioners,tjdiamandis/randomizedpreconditioners.jl
RandomLogos,atelierarith/randomlogos.jl
RandomMatrices,juliamath/randommatrices.jl
RandomNoise,csimal/randomnoise.jl
RandomNumbers,juliarandom/randomnumbers.jl
RandomVariables,manuelstapper/randomvariables.jl
RangeEnclosures,juliareach/rangeenclosures.jl
RangeHelpers,jw3126/rangehelpers.jl
RankCompV3,pathint/rankcompv3.jl
RapidFEM,samadritakarmakar/rapidfem.jl
RAPIDS,tylerjthomas9/rapids.jl
RasterDataSources,ecojulia/rasterdatasources.jl
Rasters,rafaqz/rasters.jl
RationalFunctionApproximation,complexvariables/rationalfunctionapproximation.jl
RationalGenerators,scheinerman/rationalgenerators.jl
RationalRoots,jutho/rationalroots.jl
Ratios,timholy/ratios.jl
Ray,beacon-biosignals/ray.jl
Raylib,chengchingwen/raylib.jl
Raynbow,pedroripper/raynbow.jl
RayTraceGR,eschnett/raytracegr.jl
RayTraceHeatTransfer,nikobiele/raytraceheattransfer.jl
RayTracer,avik-pal/raytracer.jl
RayTracing,rvignolo/raytracing.jl
RayTracingWeekend,claforte/raytracingweekend.jl
RBNF,thautwarm/rbnf.jl
RCall,juliainterop/rcall.jl
RData,juliadata/rdata.jl
RDKafka,dfdx/rdkafka.jl
ReachabilityAnalysis,juliareach/reachabilityanalysis.jl
ReachabilityModels,juliareach/reachabilitymodels.jl
Reactant,enzymead/reactant.jl
ReactionNetworkImporters,sciml/reactionnetworkimporters.jl
ReactiveDynamics,merck/reactivedynamics.jl
ReactiveGraphs,poncito/reactivegraphs.jl
ReactiveMP,reactivebayes/reactivemp.jl
ReactiveToolkit,narijauskas/reactivetoolkit.jl
ReadDatastores,biojulia/readdatastores.jl
Readmes,oxinabox/readmes.jl
ReadOnlyArrays,juliaarrays/readonlyarrays.jl
ReadStat,queryverse/readstat.jl
ReadStatTables,junyuan-chen/readstattables.jl
ReadVTK,juliavtk/readvtk.jl
ReadWriteLocks,invenia/readwritelocks.jl
RealNeuralNetworks,seung-lab/realneuralnetworks.jl
RealTimeAudioDiffEq,antonioortegabrook/realtimeaudiodiffeq.jl
RectangularFullPacked,julialinearalgebra/rectangularfullpacked.jl
RecurrenceAnalysis,juliadynamics/recurrenceanalysis.jl
RecursiveArrayTools,sciml/recursivearraytools.jl
RecursiveCausalDiscovery,sepehr78/recursivecausaldiscovery.jl
RecursiveDicts,mnemnion/recursivedicts.jl
RecursiveFactorization,julialinearalgebra/recursivefactorization.jl
Redis,juliadatabases/redis.jl
RedisGraph,xyxel/redisgraph.jl
Reduce,chakravala/reduce.jl
ReduceAlgebra,juliareducepkg/reducealgebra.jl
ReducedBasis,mfherbst/reducedbasis.jl
ReducedOrderModelCBFs,maxhcohen/reducedordermodelcbfs.jl
ReduceLinAlg,juliareducepkg/reducelinalg.jl
Refactoring,jonathanbieler/refactoring.jl
RefCountedArrays,jpsamaroo/refcountedarrays.jl
ReferenceFrameRotations,juliaspace/referenceframerotations.jl
ReferenceTests,juliatesting/referencetests.jl
RefractiveIndex,stillyslalom/refractiveindex.jl
RegisterDeformation,holylab/registerdeformation.jl
RegisterQD,holylab/registerqd.jl
Registrator,juliaregistries/registrator.jl
RegistryCI,juliaregistries/registryci.jl
RegistryCLI,triscale-innov/registrycli.jl
RegistryCompatTools,kristofferc/registrycompattools.jl
RegistryTools,juliaregistries/registrytools.jl
RegNets,algebraicjulia/regnets.jl
RegressionDiscontinuity,nignatiadis/regressiondiscontinuity.jl
RegressionFormulae,kleinschmidt/regressionformulae.jl
RegressionTables,jmboehm/regressiontables.jl
RegressionTests,lilithhafner/regressiontests.jl
RegularizedCovarianceMatrices,raphasampaio/regularizedcovariancematrices.jl
RegularizedLeastSquares,juliaimagerecon/regularizedleastsquares.jl
RegularizedMixedModels,palday/regularizedmixedmodels.jl
RegularizedOptimization,juliasmoothoptimizers/regularizedoptimization.jl
RegularizedProblems,juliasmoothoptimizers/regularizedproblems.jl
ReinforcementLearning,juliareinforcementlearning/reinforcementlearning.jl
ReinforcementLearningAnIntroduction,juliareinforcementlearning/reinforcementlearninganintroduction.jl
ReinforcementLearningTrajectories,juliareinforcementlearning/reinforcementlearningtrajectories.jl
REISE,breakthrough-energy/reise.jl
RelevancePropagation,julia-xai/relevancepropagation.jl
RelevanceStacktrace,cvikli/relevancestacktrace.jl
ReliabilityDiagrams,devmotion/reliabilitydiagrams.jl
ReliabilityOptimization,julianonconvex/reliabilityoptimization.jl
RelocatableFolders,juliapackaging/relocatablefolders.jl
ReLUQP,roboticexplorationlab/reluqp.jl
Remark,piever/remark.jl
Remarkable,theogf/remarkable.jl
Rematch2,juliaservices/rematch2.jl
Rembus,cardo-org/rembus.jl
RemoteHPC,louisponet/remotehpc.jl
RemoteREPL,juliaweb/remoterepl.jl
RemoteS,genericmappingtools/remotes.jl
RemoteSensingToolbox,joshuabillson/remotesensingtoolbox.jl
REopt,nrel/reopt.jl
Replay,atelierarith/replay.jl
REPLference,udohjeremiah/replference.jl
ReplGPT,thatcherc/replgpt.jl
Replicate,floswald/replicate.jl
ReplMaker,masonprotter/replmaker.jl
REPLMaze,mossr/replmaze.jl
REPLSmuggler,klafyvel/replsmuggler.jl
Reproduce,mkschleg/reproduce.jl
RequiredInterfaces,seelengrab/requiredinterfaces.jl
Requires,juliapackaging/requires.jl
Resample,rikhuijzer/resample.jl
ReservoirComputing,sciml/reservoircomputing.jl
ResettableStacks,sciml/resettablestacks.jl
Resolver,stefankarpinski/resolver.jl
RestrictedBoltzmannMachines,cossio/restrictedboltzmannmachines.jl
ResultTypes,iamed2/resulttypes.jl
ResumableFunctions,juliadynamics/resumablefunctions.jl
ReTest,juliatesting/retest.jl
ReTestItems,juliatesting/retestitems.jl
Retry,juliaweb/retry.jl
ReverseDiff,juliadiff/reversediff.jl
ReversePropagation,dpsanders/reversepropagation.jl
ReverseStackTraces,kdheepak/reversestacktraces.jl
Revise,timholy/revise.jl
ReviseTests,bvdmitri/revisetests.jl
RHEOS,juliarheology/rheos.jl
Richardson,juliamath/richardson.jl
RiemannComplexNumbers,scheinerman/riemanncomplexnumbers.jl
Rifyfi,juliatelecom/rifyfi.jl
RigidBodyDynamics,juliarobotics/rigidbodydynamics.jl
RigidBodyTools,juliaibpm/rigidbodytools.jl
RigorousCoupledWaveAnalysis,jonschlipf/rigorouscoupledwaveanalysis.jl
RigorousInvariantMeasures,juliadynamics/rigorousinvariantmeasures.jl
Rimu,joachimbrand/rimu.jl
RingsStatisticsMatter,morrowchem/ringsstatisticsmatter.jl
RipQP,juliasmoothoptimizers/ripqp.jl
Ripserer,mtsch/ripserer.jl
RiskLabAI,risklabai/risklabai.jl
RiskMeasures,riskaverserl/riskmeasures.jl
RiskPerf,rbeeli/riskperf.jl
RLEVectors,phaverty/rlevectors.jl
RLinearAlgebra,numlinalg/rlinearalgebra.jl
Rmath,juliastats/rmath.jl
RNAstructure,marcom/rnastructure.jl
RNGTest,juliarandom/rngtest.jl
RoamesGeometry,fugroroames/roamesgeometry.jl
RobotDynamics,roboticexplorationlab/robotdynamics.jl
Robotlib,baggepinnen/robotlib.jl
RobotOSData,damiendr/robotosdata.jl
RobotZoo,roboticexplorationlab/robotzoo.jl
RobustAndOptimalControl,juliacontrol/robustandoptimalcontrol.jl
RobustModels,getzze/robustmodels.jl
RobustNeuralNetworks,acfr/robustneuralnetworks.jl
RobustTDA,sidv23/robusttda.jl
ROCCurves,cossio/roccurves.jl
Rocket,reactivebayes/rocket.jl
RockSample,juliapomdp/rocksample.jl
RollingFunctions,jeffreysarnoff/rollingfunctions.jl
RoME,juliarobotics/rome.jl
ROMEO,korbinian90/romeo.jl
ROMS,alexander-barth/roms.jl
RoombaPOMDPs,sisl/roombapomdps.jl
ROOT,juliahep/root.jl
RootedTrees,sciml/rootedtrees.jl
Roots,juliamath/roots.jl
RootsAndPoles,fgasdia/rootsandpoles.jl
ROSTuringPluto,regressionandotherstoriesjulia/rosturingpluto.jl
Rotations,juliageometry/rotations.jl
RoundingIntegers,juliamath/roundingintegers.jl
RRTMGP,clima/rrtmgp.jl
RuleMiner,jaredschwartz/ruleminer.jl
RungeKutta,juliagni/rungekutta.jl
Runic,fredrikekre/runic.jl
RuntimeGeneratedFunctions,sciml/runtimegeneratedfunctions.jl
RustCall,miguelraz/rustcall.jl
RustFFT,taaitaaiger/rustfft.jl
Rutherford,jkroso/rutherford.jl
RvSpectML,rvspectml/rvspectml.jl
RxEnvironments,biaslab/rxenvironments.jl
SaddleSearch,cortner/saddlesearch.jl
SaferIntegers,jeffreysarnoff/saferintegers.jl
SafeTensors,fluxml/safetensors.jl
SafeTestsets,yingboma/safetestsets.jl
SaguaroTrader,saguarocapital/saguarotrader.jl
Salsa,relationalai-oss/salsa.jl
SampledSignals,juliaaudio/sampledsignals.jl
Sandbox,staticfloat/sandbox.jl
SankeyMakie,jkrumbiegel/sankeymakie.jl
SankeyPlots,daschw/sankeyplots.jl
Santiago,santiago-sanitation-systems/santiago.jl
SAOImageDS9,juliaastro/saoimageds9.jl
SARIMAX,lampspuc/sarimax.jl
SARProcessing,aircentre/sarprocessing.jl
SARSOP,juliapomdp/sarsop.jl
Sass,piever/sass.jl
SAT,carlolucibello/sat.jl
SatelliteAnalysis,juliaspace/satelliteanalysis.jl
SatelliteDynamics,sisl/satellitedynamics.jl
SatelliteToolbox,juliaspace/satellitetoolbox.jl
SatelliteToolboxAtmosphericModels,juliaspace/satellitetoolboxatmosphericmodels.jl
SatelliteToolboxTransformations,juliaspace/satellitetoolboxtransformations.jl
Satisfiability,elsoroka/satisfiability.jl
SavitzkyGolay,lnacquaroli/savitzkygolay.jl
SBML,lcsb-biocore/sbml.jl
SBMLImporter,sebapersson/sbmlimporter.jl
SBMLToolkit,sciml/sbmltoolkit.jl
ScaLAPACK,juliaparallel/scalapack.jl
ScalingCollapse,maltepuetz/scalingcollapse.jl
ScanByte,jakobnissen/scanbyte.jl
Scanf,klausc/scanf.jl
ScatteredInterpolation,eljungsk/scatteredinterpolation.jl
ScenTrees,kirui93/scentrees.jl
SchattenNorms,bbn-q/schattennorms.jl
ScheduleMeetings,timholy/schedulemeetings.jl
Schedulers,chevronetc/schedulers.jl
Scheduling,bprzybylski/scheduling.jl
Schrodinger,jebej/schrodinger.jl
SchumakerSpline,s-baumann/schumakerspline.jl
SchwarzChristoffel,jdeldre/schwarzchristoffel.jl
ScientificTypes,juliaai/scientifictypes.jl
ScientificTypesBase,juliaai/scientifictypesbase.jl
ScikitLearn,cstjean/scikitlearn.jl
SciMLBase,sciml/scimlbase.jl
SciMLExpectations,sciml/scimlexpectations.jl
SciMLNLSolve,sciml/scimlnlsolve.jl
SciMLOperators,sciml/scimloperators.jl
SciMLSensitivity,sciml/scimlsensitivity.jl
SciMLStructures,sciml/scimlstructures.jl
SciMLWorkshop,sciml/scimlworkshop.jl
SCIP,scipopt/scip.jl
SCIP_jll,juliabinarywrappers/scip_jll.jl
SciPyDiffEq,sciml/scipydiffeq.jl
ScopedValues,vchuravy/scopedvalues.jl
ScoreP,juliaperf/scorep.jl
ScottishTaxBenefitModel,grahamstark/scottishtaxbenefitmodel.jl
SCPToolbox,uw-acl/scptoolbox.jl
ScrapeSEC,tylerjthomas9/scrapesec.jl
Scratch,juliapackaging/scratch.jl
ScRNAseq,jamesjcai/scrnaseq.jl
Scruff,charles-river-analytics/scruff.jl
SCS,jump-dev/scs.jl
scVI,maren-ha/scvi.jl
SDDP,odow/sddp.jl
SDPA,jump-dev/sdpa.jl
SDPAFamily,ericphanson/sdpafamily.jl
SDPJSolver,fishbonechiang/sdpjsolver.jl
SDPLR,jump-dev/sdplr.jl
SDPNAL,jump-dev/sdpnal.jl
SDPT3,jump-dev/sdpt3.jl
SDWBA,eloceanografo/sdwba.jl
SeaPearl,corail-research/seapearl.jl
SearchLight,genieframework/searchlight.jl
SearchSortedNearest,joshday/searchsortednearest.jl
SeawaterPolynomials,clima/seawaterpolynomials.jl
SecondOrderPerturbationTheory,quantum-many-body/secondorderperturbationtheory.jl
SeDuMi,jump-dev/sedumi.jl
SeeToDee,baggepinnen/seetodee.jl
SegmentAnything,rafaqz/segmentanything.jl
SegyIO,slimgroup/segyio.jl
Seis,anowacki/seis.jl
SeisAcoustic,seismicjulia/seisacoustic.jl
SeisMain,seismicjulia/seismain.jl
SeisModels,anowacki/seismodels.jl
SeisMonitoring,kura-okubo/seismonitoring.jl
SeisNoise,juliaseismo/seisnoise.jl
SeisProcessing,seismicjulia/seisprocessing.jl
SelfOrganizingMaps,john-waczak/selforganizingmaps.jl
SemanticAST,benchung/semanticast.jl
SemialgebraicSets,juliaalgebra/semialgebraicsets.jl
SemiclassicalOrthogonalPolynomials,juliaapproximation/semiclassicalorthogonalpolynomials.jl
SemiclassicalSFI,thestaralight/semiclassicalsfi.jl
SemiseparableMatrices,julialinearalgebra/semiseparablematrices.jl
SenseHat,juliaberry/sensehat.jl
Sensemakr,d2cml-ai/sensemakr.jl
Sentinel,mhudecheck/sentinel.jl
SentinelArrays,juliadata/sentinelarrays.jl
SeparableFunctions,bionanoimaging/separablefunctions.jl
SeqLoggers,ueliwechsler/seqloggers.jl
SeqShuffle,kchu25/seqshuffle.jl
SequenceJacobians,junyuan-chen/sequencejacobians.jl
SequenceLogos,cossio/sequencelogos.jl
SequenceVariation,biojulia/sequencevariation.jl
SequentialSamplingModels,itsdfish/sequentialsamplingmodels.jl
Serd,epatters/serd.jl
Serde,bhftbootcamp/serde.jl
SerialPorts,juliaio/serialports.jl
Setfield,jw3126/setfield.jl
SetProg,blegat/setprog.jl
SetTheoreticTypes,jollywatt/settheoretictypes.jl
SExpressions,totalverb/sexpressions.jl
SFTPClient,stensmo/sftpclient.jl
SGtSNEpi,fcdimitr/sgtsnepi.jl
SHA,juliacrypto/sha.jl
ShaderAbstractions,simondanisch/shaderabstractions.jl
ShallowWaters,milankl/shallowwaters.jl
Shapefile,juliageo/shapefile.jl
ShapML,nredell/shapml.jl
Shelly,umlet/shelly.jl
Sherlock,caseykneale/sherlock.jl
ShiftedArrays,juliaarrays/shiftedarrays.jl
ShiftedProximalOperators,juliasmoothoptimizers/shiftedproximaloperators.jl
ShipMMG,shipmmg/shipmmg.jl
ShortCodes,hellemo/shortcodes.jl
SHTOOLS,eschnett/shtools.jl
ShuffleProofs,peacefounder/shuffleproofs.jl
SIAMFANLEquations,ctkelley/siamfanlequations.jl
SigmoidalProgramming,madeleineudell/sigmoidalprogramming.jl
SignalAlignment,baggepinnen/signalalignment.jl
SignalAnalysis,org-arl/signalanalysis.jl
SignalBase,haberdashpi/signalbase.jl
SignalDecomposition,juliadynamics/signaldecomposition.jl
SignalTemporalLogic,sisl/signaltemporallogic.jl
SignedDistanceFields,juliagraphics/signeddistancefields.jl
Silico,simon-lc/silico.jl
SIMD,eschnett/simd.jl
SIMDMath,heltonmc/simdmath.jl
SIMDMathFunctions,climflows/simdmathfunctions.jl
SIMDPolynomials,yingboma/simdpolynomials.jl
SimilaritySearch,sadit/similaritysearch.jl
Similitude,chakravala/similitude.jl
SimpleArgParse,admercs/simpleargparse.jl
SimpleBenders,matbesancon/simplebenders.jl
SimpleBio,doctorbetaq/simplebio.jl
SimpleCaching,ferdiu/simplecaching.jl
SimpleChains,pumasai/simplechains.jl
SimpleCrystals,ejmeitz/simplecrystals.jl
SimpleDiffEq,sciml/simplediffeq.jl
SimpleDirectMediaLayer,juliamultimedia/simpledirectmedialayer.jl
SimpleDraw,sid-bhatia-0/simpledraw.jl
SimpleDrawing,scheinerman/simpledrawing.jl
SimpleGA,monumoltd/simplega.jl
SimpleGrad,mikesaint-antoine/simplegrad.jl
SimpleGraphAlgorithms,scheinerman/simplegraphalgorithms.jl
SimpleGraphs,scheinerman/simplegraphs.jl
SimpleNonlinearSolve,sciml/simplenonlinearsolve.jl
SimplePolynomials,scheinerman/simplepolynomials.jl
SimplePosets,scheinerman/simpleposets.jl
SimpleSolvers,juliagni/simplesolvers.jl
SimpleTraits,mauro3/simpletraits.jl
SimpleUnderscores,masonprotter/simpleunderscores.jl
SimpleUnPack,devmotion/simpleunpack.jl
SimpleWeightedGraphs,juliagraphs/simpleweightedgraphs.jl
SimpleWorkflows,mineralscloud/simpleworkflows.jl
SimpleWorld,scheinerman/simpleworld.jl
SimSearchManifoldLearning,sadit/simsearchmanifoldlearning.jl
SimString,pydatablog/simstring.jl
SimulatedNeuralMoments,mcreel/simulatedneuralmoments.jl
SimulationBasedInference,bgroenks96/simulationbasedinference.jl
SimulationDecomposition,simulation-decomposition/simulationdecomposition.jl
SimulationLogs,jonniedie/simulationlogs.jl
SimultaneousSortperm,lschwerdt/simultaneoussortperm.jl
SingleCellProjections,biojulia/singlecellprojections.jl
Singular,oscar-system/singular.jl
SingularIntegralEquations,juliaapproximation/singularintegralequations.jl
SingularIntegrals,juliaapproximation/singularintegrals.jl
SingularSpectrumAnalysis,baggepinnen/singularspectrumanalysis.jl
Sinograms,juliaimagerecon/sinograms.jl
SIRUS,rikhuijzer/sirus.jl
Sisyphus,satyabade12/sisyphus.jl
Sixel,juliaio/sixel.jl
SixelTerm,eschnett/sixelterm.jl
SkeelBerzins,gregoirepourtier/skeelberzins.jl
SkewLinearAlgebra,julialinearalgebra/skewlinearalgebra.jl
SkipLists,kernelmethod/skiplists.jl
SkyCoords,juliaastro/skycoords.jl
Skylight,joaquinpelle/skylight.jl
Skyrmions3D,chrishalcrow/skyrmions3d.jl
Slack,julialangslack/slack.jl
SLEEFPirates,juliasimd/sleefpirates.jl
SlepcWrap,bmxam/slepcwrap.jl
SliceSampling,turinglang/slicesampling.jl
SlimPlotting,slimgroup/slimplotting.jl
SlurmClusterManager,kleinhenz/slurmclustermanager.jl
SlurmManagers,pde2718/slurmmanagers.jl
SmallCollections,matthias314/smallcollections.jl
SmartAsserts,mrvplusone/smartasserts.jl
SMARTboost,paologiordani/smartboost.jl
SmartTransitionSim,krainskil/smarttransitionsim.jl
SmithNormalForm,wildart/smithnormalform.jl
SMM,floswald/smm.jl
SmolyakApprox,rjdennis/smolyakapprox.jl
SmoothedParticles,ondrejkincl/smoothedparticles.jl
Smoothers,viraltux/smoothers.jl
SmoothingSplines,nignatiadis/smoothingsplines.jl
SmoothLocalProjections,justinjjlee/smoothlocalprojections.jl
SmoQyDQMC,smoqysuite/smoqydqmc.jl
SMPL,nitin-ppnp/smpl.jl
SMTPClient,aviks/smtpclient.jl
Snake,mossr/snake.jl
Snappy,juliaio/snappy.jl
SnoopCompile,timholy/snoopcompile.jl
Snopt,byuflowlab/snopt.jl
SNOW,byuflowlab/snow.jl
Snowflurry,snowflurrysdk/snowflurry.jl
SnpArrays,openmendel/snparrays.jl
SoapySDR,juliatelecom/soapysdr.jl
Sobol,juliamath/sobol.jl
SoftGlobalScope,julialang/softglobalscope.jl
SoftPosit,milankl/softposit.jl
Sole,aclai-lab/sole.jl
SoleData,aclai-lab/soledata.jl
SoleFeatures,aclai-lab/solefeatures.jl
SoleLogics,aclai-lab/solelogics.jl
SoleModels,aclai-lab/solemodels.jl
SoleReasoners,aclai-lab/solereasoners.jl
SolidStateDetectors,juliaphysics/solidstatedetectors.jl
SolveDSGE,rjdennis/solvedsge.jl
SolventShellInteractions,m3g/solventshellinteractions.jl
SolverBenchmark,juliasmoothoptimizers/solverbenchmark.jl
SolverCore,juliasmoothoptimizers/solvercore.jl
SolverTools,juliasmoothoptimizers/solvertools.jl
Sophon,yichengdwu/sophon.jl
SortingAlgorithms,juliacollections/sortingalgorithms.jl
SortingLab,xiaodaigh/sortinglab.jl
SortingNetworks,jeffreysarnoff/sortingnetworks.jl
SortMerge,gcalderone/sortmerge.jl
SortTileRecursiveTree,maxfreu/sorttilerecursivetree.jl
Soss,cscherrer/soss.jl
Sound,jefffessler/sound.jl
SourceCodeMcCormick,psorlab/sourcecodemccormick.jl
SpaceExParser,juliareach/spaceexparser.jl
SpaceLiDAR,evetion/spacelidar.jl
Spacy,joshday/spacy.jl
Spark,dfdx/spark.jl
SparkSQL,propelledanalytics/sparksql.jl
Sparlectra,welthulk/sparlectra.jl
SparseArrayKit,jutho/sparsearraykit.jl
SparseArrays,juliasparse/sparsearrays.jl
SparseConnectivityTracer,adrhill/sparseconnectivitytracer.jl
SparseDiffTools,juliadiff/sparsedifftools.jl
SparseExtra,sobhanmp/sparseextra.jl
SparseGrids,robertdj/sparsegrids.jl
SparseIR,spm-lab/sparseir.jl
SparseLinearAlgebra,julialinearalgebra/sparselinearalgebra.jl
SparseMatricesCOO,juliasmoothoptimizers/sparsematricescoo.jl
SparseMatricesCSR,gridap/sparsematricescsr.jl
SparseMatrixColorings,gdalle/sparsematrixcolorings.jl
SparseVariables,sintefore/sparsevariables.jl
Sparspak,petrkryslucsd/sparspak.jl
SpartanMatrices,fredrikekre/spartanmatrices.jl
SpatialDependence,javierbarbero/spatialdependence.jl
SpatialEcology,ecojulia/spatialecology.jl
SpatialGraphs,circuitscape/spatialgraphs.jl
SpatialHashTables,steffenpl/spatialhashtables.jl
SpatialIndexing,alyst/spatialindexing.jl
SpatioTemporalTraits,juliaarrays/spatiotemporaltraits.jl
SPDX,samuraiaku/spdx.jl
SpecialFunctions,juliamath/specialfunctions.jl
SpecialMatrices,julialinearalgebra/specialmatrices.jl
SpecialPolynomials,jverzani/specialpolynomials.jl
SpeciesDistributionToolkit,poisotlab/speciesdistributiontoolkit.jl
SpeciesInteractionNetworks,poisotlab/speciesinteractionnetworks.jl
Spectra,charlesll/spectra.jl
SpectralDistances,baggepinnen/spectraldistances.jl
SpectralFitting,fjebaker/spectralfitting.jl
SpectralIndices,awesome-spectral-indices/spectralindices.jl
SpectralKit,tpapp/spectralkit.jl
SpectralMeasures,juliaapproximation/spectralmeasures.jl
SPECTrecon,juliaimagerecon/spectrecon.jl
SpeedyWeather,speedyweather/speedyweather.jl
SpelledOut,jakewilliami/spelledout.jl
SPGBox,m3g/spgbox.jl
Spglib,singularitti/spglib.jl
SphereSurfaceHistogram,ffreyer/spheresurfacehistogram.jl
SphericalFourierBesselDecompositions,hsgg/sphericalfourierbesseldecompositions.jl
SphericalFunctions,moble/sphericalfunctions.jl
SphericalHarmonicExpansions,hofmannmartin/sphericalharmonicexpansions.jl
SphericalScattering,hobezwe/sphericalscattering.jl
SPHKernels,ludwigboess/sphkernels.jl
SPHtoGrid,ludwigboess/sphtogrid.jl
SPICE,juliaastro/spice.jl
SpiDy,quantum-exeter/spidy.jl
SpikeSorting,paulmthompson/spikesorting.jl
SpikeSynchrony,julianeuroscience/spikesynchrony.jl
SpikingInferenceCircuits,probcomp/spikinginferencecircuits.jl
SpikingNeuralNetworks_,russelljjarvis/spikingneuralnetworks_.jl
SpinAdaptedSecondQuantization,marcustl12/spinadaptedsecondquantization.jl
SpinControl,eigensolver/spincontrol.jl
SpinDoctor,spindoctormri/spindoctor.jl
SpineInterface,spine-tools/spineinterface.jl
SpineOpt,spine-tools/spineopt.jl
SpinGlassPEPS,euro-hpc-pl/spinglasspeps.jl
SpinMC,fbuessen/spinmc.jl
SpinMonteCarlo,yomichi/spinmontecarlo.jl
Spinnaker,samuelpowell/spinnaker.jl
Spinners,ashlinharris/spinners.jl
SpinningBlackHoles,pgsfernandes/spinningblackholes.jl
SpinWaveTheory,quantum-many-body/spinwavetheory.jl
SpinWeightedSpheroidalHarmonics,ricokaloklo/spinweightedspheroidalharmonics.jl
SPIRV,serenity4/spirv.jl
SplitApplyCombine,juliadata/splitapplycombine.jl
SplittableRandoms,julia-tempering/splittablerandoms.jl
SPM,spm/spm.jl
SpmImageTycoon,alexriss/spmimagetycoon.jl
Spot,sisl/spot.jl
Spotify,kwehmeyer/spotify.jl
SPPL,probcomp/sppl.jl
SQLite,juliadatabases/sqlite.jl
Sqlite3Stats,jbytecode/sqlite3stats.jl
SqpSolver,exanauts/sqpsolver.jl
SR2StanPluto,statisticalrethinkingjulia/sr2stanpluto.jl
SR2TuringPluto,statisticalrethinkingjulia/sr2turingpluto.jl
StableDistributions,jaksle/stabledistributions.jl
StableHashTraits,beacon-biosignals/stablehashtraits.jl
StableLinearAlgebra,smoqysuite/stablelinearalgebra.jl
StableMap,chriselrod/stablemap.jl
StableRNGs,juliarandom/stablerngs.jl
StableTasks,juliafolds2/stabletasks.jl
STAC,juliaclimate/stac.jl
StackOverflow,logankilpatrick/stackoverflow.jl
StackViews,juliaarrays/stackviews.jl
Stan,stanjulia/stan.jl
StandardizedPredictors,beacon-biosignals/standardizedpredictors.jl
StanLogDensityProblems,sethaxen/stanlogdensityproblems.jl
StanSample,stanjulia/stansample.jl
StarAlgebras,juliaalgebra/staralgebras.jl
Starlight,jhigginbotham64/starlight.jl
StartupCustomizer,abraemer/startupcustomizer.jl
StartUpDG,jlchan/startupdg.jl
StarWarsArrays,giordano/starwarsarrays.jl
StateEstimation,sisl/stateestimation.jl
StateSelection,juliacomputing/stateselection.jl
StateSpaceDynamics,depasquale-lab/statespacedynamics.jl
StateSpaceEcon,bankofcanada/statespaceecon.jl
StateSpaceLearning,lampspuc/statespacelearning.jl
StateSpaceModels,lampspuc/statespacemodels.jl
StateSpaceRoutines,frbny-dsge/statespaceroutines.jl
StatGeochem,brenhinkeller/statgeochem.jl
Static,sciml/static.jl
StaticArrayInterface,juliaarrays/staticarrayinterface.jl
StaticArrays,juliaarrays/staticarrays.jl
StaticArraysCore,juliaarrays/staticarrayscore.jl
StaticCartesian,maleadt/staticcartesian.jl
StaticCompiler,tshort/staticcompiler.jl
StaticGraphs,juliagraphs/staticgraphs.jl
StaticKernels,stev47/statickernels.jl
StaticLint,julia-vscode/staticlint.jl
StaticMPI,brenhinkeller/staticmpi.jl
StaticPolynomials,juliaalgebra/staticpolynomials.jl
StaticStrings,mkitti/staticstrings.jl
StaticTools,brenhinkeller/statictools.jl
StaticVectors,chakravala/staticvectors.jl
StaticWebPages,humans-of-julia/staticwebpages.jl
StatisticalGraphics,sl-solution/statisticalgraphics.jl
StatisticalMeasures,juliaai/statisticalmeasures.jl
StatisticalMeasuresBase,juliaai/statisticalmeasuresbase.jl
StatisticalRethinking,statisticalrethinkingjulia/statisticalrethinking.jl
Statistics,juliastats/statistics.jl
StatisticsWithJuliaPlutoNotebooks,statisticalrethinkingjulia/statisticswithjuliaplutonotebooks.jl
StatProfilerHTML,tkluck/statprofilerhtml.jl
StatsAPI,juliastats/statsapi.jl
StatsBase,juliastats/statsbase.jl
StatsFuns,juliastats/statsfuns.jl
StatsModels,juliastats/statsmodels.jl
StatsPlots,juliaplots/statsplots.jl
SteadyStateDiffEq,sciml/steadystatediffeq.jl
SteamTables,braamvandyk/steamtables.jl
StellarSpectraObservationFitting,christiangil/stellarspectraobservationfitting.jl
Stencils,rafaqz/stencils.jl
StenoGraphs,aaronpeikert/stenographs.jl
STFT,s-zymon/stft.jl
Stheno,juliagaussianprocesses/stheno.jl
StipplePlotly,genieframework/stippleplotly.jl
StippleUI,genieframework/stippleui.jl
STLCutters,gridap/stlcutters.jl
StochasticAD,gaurav-arya/stochasticad.jl
StochasticDelayDiffEq,sciml/stochasticdelaydiffeq.jl
StochasticDiffEq,sciml/stochasticdiffeq.jl
StochasticGene,nih-niddk-mbs/stochasticgene.jl
StochasticGroundMotionSimulation,pstafford/stochasticgroundmotionsimulation.jl
StochasticPowerModels,electa-git/stochasticpowermodels.jl
StochasticPrograms,martinbiel/stochasticprograms.jl
StochasticRounding,milankl/stochasticrounding.jl
StochasticSeriesExpansion,lukas-weber/stochasticseriesexpansion.jl
Stochy,null-a/stochy.jl
StockFlow,algebraicjulia/stockflow.jl
Stopping,solverstoppingjulia/stopping.jl
StoppingInterface,solverstoppingjulia/stoppinginterface.jl
StorageSystemsSimulations,nrel-sienna/storagesystemssimulations.jl
Strapping,juliadata/strapping.jl
StrategicGames,sylvaticus/strategicgames.jl
StratiGraphics,juliaearth/stratigraphics.jl
STREAMBenchmark,juliaperf/streambenchmark.jl
Streamfall,connectedsystems/streamfall.jl
StreamSampling,juliadynamics/streamsampling.jl
StreamToString,jlapeyre/streamtostring.jl
StrFormat,juliastring/strformat.jl
StrideArrays,juliasimd/stridearrays.jl
StrideArraysCore,juliasimd/stridearrayscore.jl
Strided,jutho/strided.jl
StridedViews,jutho/stridedviews.jl
StringAnalysis,zgornel/stringanalysis.jl
StringArt,neumann-mlucas/stringart.jl
StringBuilders,davidanthoff/stringbuilders.jl
StringDistances,matthieugomez/stringdistances.jl
StringEncodings,juliastrings/stringencodings.jl
StringManipulation,ronisbr/stringmanipulation.jl
StringUnits,mnemnion/stringunits.jl
StringViews,juliastrings/stringviews.jl
Stripeline,lspestrip/stripeline.jl
StrongFieldApproximation,jagot/strongfieldapproximation.jl
Strs,juliastring/strs.jl
StructArrays,juliaarrays/structarrays.jl
StructHelpers,jw3126/structhelpers.jl
StructIO,juliaio/structio.jl
StructJuMP,structjump/structjump.jl
StructMapping,matsueushi/structmapping.jl
StructsOfArrays,juliaarrays/structsofarrays.jl
StructTypes,juliadata/structtypes.jl
StructuralCausalModels,statisticalrethinkingjulia/structuralcausalmodels.jl
StructuralDynamicsODESolvers,onsas/structuraldynamicsodesolvers.jl
StructuralEquationModels,structuralequationmodels/structuralequationmodels.jl
StructuralIdentifiability,sciml/structuralidentifiability.jl
StructuredDecompositions,algebraicjulia/structureddecompositions.jl
StructuredLight,marcsgil/structuredlight.jl
StructuredOptimization,juliafirstorder/structuredoptimization.jl
StructUtils,quinnj/structutils.jl
StructWalk,chengchingwen/structwalk.jl
Stuffing,guo-yong-zhi/stuffing.jl
StyledStrings,julialang/styledstrings.jl
SubsidenceChron,juliageochronology/subsidencechron.jl
SubstitutionModels,biojulia/substitutionmodels.jl
Subzero,caltech-octo/subzero.jl
Sudoku,scheinerman/sudoku.jl
SuffixArrays,juliacollections/suffixarrays.jl
SuffixConversion,simonbyrne/suffixconversion.jl
SuiteSparseGraphBLAS,juliasparse/suitesparsegraphblas.jl
SuiteSparseMatrixCollection,juliasmoothoptimizers/suitesparsematrixcollection.jl
SummaryTables,pumasai/summarytables.jl
SummationByParts,optimaldesignlab/summationbyparts.jl
SummationByPartsOperators,ranocha/summationbypartsoperators.jl
SumOfSquares,jump-dev/sumofsquares.jl
SumTypes,masonprotter/sumtypes.jl
Sundials,sciml/sundials.jl
SUNDMRG,mgyamada/sundmrg.jl
Sunny,sunnysuite/sunny.jl
SUNRepresentations,quantumkithub/sunrepresentations.jl
SuperPolyak,cor-opt/superpolyak.jl
SupplyChainSimulation,supplychef/supplychainsimulation.jl
Supposition,seelengrab/supposition.jl
Suppressor,juliaio/suppressor.jl
SurfaceFluxes,clima/surfacefluxes.jl
SurrealNumbers,mroughan/surrealnumbers.jl
Surrogates,sciml/surrogates.jl
Survey,xkdr/survey.jl
Survival,juliastats/survival.jl
SurvivalAnalysis,vollmersj/survivalanalysis.jl
SurvivalDistributions,juliasurv/survivaldistributions.jl
SurvivalSignature,friesischscott/survivalsignature.jl
Swagger,juliacomputing/swagger.jl
SwaggerMarkdown,genieframework/swaggermarkdown.jl
Swalbe,zitzeronion/swalbe.jl
SwarmMakie,makieorg/swarmmakie.jl
SweepContractor,chubbc/sweepcontractor.jl
SweepOperator,joshday/sweepoperator.jl
SwitchOnSafety,blegat/switchonsafety.jl
SwitchTimeOpt,oxfordcontrol/switchtimeopt.jl
Swizzles,willow-ahrens/swizzles.jl
SwoLeios,leios/swoleios.jl
SymbolicAnalysis,vaibhavdixit02/symbolicanalysis.jl
SymbolicControlSystems,juliacontrol/symboliccontrolsystems.jl
SymbolicGA,serenity4/symbolicga.jl
SymbolicIndexingInterface,sciml/symbolicindexinginterface.jl
SymbolicIntegration,haraldhofstaetter/symbolicintegration.jl
SymbolicMDPs,juliaplanners/symbolicmdps.jl
SymbolicNumericIntegration,sciml/symbolicnumericintegration.jl
SymbolicPlanners,juliaplanners/symbolicplanners.jl
SymbolicQuantumFieldTheory,cianlm/symbolicquantumfieldtheory.jl
SymbolicRegression,milescranmer/symbolicregression.jl
Symbolics,juliasymbolics/symbolics.jl
SymbolicsMathLink,eswagel/symbolicsmathlink.jl
SymbolicTensors,rjrosati/symbolictensors.jl
SymbolicUtils,juliasymbolics/symbolicutils.jl
SymbolicWedderburn,kalmarek/symbolicwedderburn.jl
SymbolServer,julia-vscode/symbolserver.jl
SymEngine,symengine/symengine.jl
SymmetricFormats,janeliascicomp/symmetricformats.jl
SymmetricTensors,iitis/symmetrictensors.jl
SymmetryReduceBZ,jerjorg/symmetryreducebz.jl
SymPhase,njuwfang/symphase.jl
Symplectic,mengzhen-zhang/symplectic.jl
SymPy,juliapy/sympy.jl
SymPyCore,jverzani/sympycore.jl
SymPyPythonCall,jverzani/sympypythoncall.jl
SymRCM,petrkryslucsd/symrcm.jl
SynthControl,nilshg/synthcontrol.jl
SysInfo,carstenbauer/sysinfo.jl
SystemBenchmark,ianbutterworth/systembenchmark.jl
SystemImageLoader,michaelhatherly/systemimageloader.jl
SystemLevelControl,aaltokepo/systemlevelcontrol.jl
T8code,dlr-amr/t8code.jl
TableDistances,juliaml/tabledistances.jl
TableMetadataTools,juliadata/tablemetadatatools.jl
TableOperations,juliadata/tableoperations.jl
Tables,juliadata/tables.jl
TableScraper,xiaodaigh/tablescraper.jl
TableTransforms,juliaml/tabletransforms.jl
TableView,juliacomputing/tableview.jl
TabularTDLearning,juliapomdp/tabulartdlearning.jl
Taichi,lucifer1004/taichi.jl
TaichiMakie,lucifer1004/taichimakie.jl
Tally,thofma/tally.jl
TanhSinhQuadrature,eschnett/tanhsinhquadrature.jl
Tapestree,ignacioq/tapestree.jl
Tapir,compintell/tapir.jl
Tar,juliaio/tar.jl
Taro,aviks/taro.jl
TaskGraphs,sisl/taskgraphs.jl
TaskLocalValues,vchuravy/tasklocalvalues.jl
TaskTracker,kavir1698/tasktracker.jl
Tasmanian,floswald/tasmanian.jl
TASOPT,mit-lae/tasopt.jl
Tau,juliamath/tau.jl
Taxonomy,banhbio/taxonomy.jl
Taxsim,jo-fleck/taxsim.jl
TaylorDiag,simontreillou/taylordiag.jl
TaylorDiff,juliadiff/taylordiff.jl
TaylorIntegration,perezhz/taylorintegration.jl
TaylorModels,juliaintervals/taylormodels.jl
TaylorSeries,juliadiff/taylorseries.jl
TBLIS,fermiqc/tblis.jl
TDAmapper,juliatda/tdamapper.jl
TDAmeritrade,moelf/tdameritrade.jl
TDAOpt,sidv23/tdaopt.jl
TDMSReader,danberge/tdmsreader.jl
TeaSeis,chevronetc/teaseis.jl
Tectonic,michaelhatherly/tectonic.jl
Telegram,arkoniak/telegram.jl
Telegrambot,moelf/telegrambot.jl
TelegraphNoise,meese-wj/telegraphnoise.jl
TempestSDR,juliatelecom/tempestsdr.jl
Tempo,juliaspacemissiondesign/tempo.jl
Temporal,dysonance/temporal.jl
TemporalGPs,juliagaussianprocesses/temporalgps.jl
TeneT,xingyuzhang2018/tenet.jl
TenNetLib,titaschanda/tennetlib.jl
TensorBoardLogger,julialogging/tensorboardlogger.jl
TensorCast,mcabbott/tensorcast.jl
TensorCategories,fabianmaeurer/tensorcategories.jl
TensorCore,juliamath/tensorcore.jl
TensorCrossInterpolation,tensor4all/tensorcrossinterpolation.jl
TensorFlow,malmaud/tensorflow.jl
TensorGames,forrestlaine/tensorgames.jl
Tensorial,keitanakamura/tensorial.jl
TensorInference,tensorbfs/tensorinference.jl
TensorKit,jutho/tensorkit.jl
TensorKitManifolds,jutho/tensorkitmanifolds.jl
TensorNetworkAD,under-peter/tensornetworkad.jl
TensorOperations,jutho/tensoroperations.jl
TensorOperationsTBLIS,lkdvos/tensoroperationstblis.jl
TensorQEC,nzy1997/tensorqec.jl
Tensors,ferrite-fem/tensors.jl
TensorToolbox,lanaperisa/tensortoolbox.jl
Term,fedeclaudi/term.jl
TerminalCalendar,dimitarvanguelov/terminalcalendar.jl
TerminalLoggers,julialogging/terminalloggers.jl
TerminalPager,ronisbr/terminalpager.jl
TerminalRegressionTests,juliadebug/terminalregressiontests.jl
TerminalUserInterfaces,kdheepak/terminaluserinterfaces.jl
TermInterface,juliasymbolics/terminterface.jl
TernaryDiagrams,stelmo/ternarydiagrams.jl
TernaryPlots,jacobusmmsmit/ternaryplots.jl
Tesserae,keitanakamura/tesserae.jl
TestEnv,juliatesting/testenv.jl
TestExtras,jutho/testextras.jl
TestImages,juliaimages/testimages.jl
TestingUtilities,curtd/testingutilities.jl
TestItemRunner,julia-vscode/testitemrunner.jl
TestItems,julia-vscode/testitems.jl
TestLandscapes,gideonsimpson/testlandscapes.jl
TestParticle,henry2004y/testparticle.jl
TestReadme,thchr/testreadme.jl
TestReports,juliatesting/testreports.jl
TestSetExtensions,ssfrr/testsetextensions.jl
TetGen,juliageometry/tetgen.jl
Tethers,ufechner7/tethers.jl
Tetris,mossr/tetris.jl
TeukolskyQNMFunctions,jlripley314/teukolskyqnmfunctions.jl
TexasHoldem,charleskawczynski/texasholdem.jl
TexTables,jacobadenbaum/textables.jl
TextAnalysis,juliatext/textanalysis.jl
TextEncodeBase,chengchingwen/textencodebase.jl
TextGraphs,fargolo/textgraphs.jl
TextHeatmaps,julia-xai/textheatmaps.jl
TextModels,juliatext/textmodels.jl
TextParse,queryverse/textparse.jl
TextSearch,sadit/textsearch.jl
TextUserInterfaces,ronisbr/textuserinterfaces.jl
TextWrap,carlobaldassi/textwrap.jl
TFEA,songhanzhang/tfea.jl
THArrays,compintell/tharrays.jl
Thebes,cormullion/thebes.jl
TheCannon,ajwheeler/thecannon.jl
Thermochron,openthermochronology/thermochron.jl
ThermodynamicIntegration,theogf/thermodynamicintegration.jl
Thermodynamics,clima/thermodynamics.jl
ThickNumbers,timholy/thicknumbers.jl
ThinkJulia,benlauwens/thinkjulia.jl
ThinPlateSplines,anj1/thinplatesplines.jl
Thrase,thrase/thrase.jl
ThreadedDenseSparseMul,romeov/threadeddensesparsemul.jl
ThreadedIterables,marekdedic/threadediterables.jl
ThreadedSparseArrays,jagot/threadedsparsearrays.jl
ThreadingUtilities,juliasimd/threadingutilities.jl
ThreadPinning,carstenbauer/threadpinning.jl
ThreadPinningCore,carstenbauer/threadpinningcore.jl
ThreadPools,tro3/threadpools.jl
ThreadSafeDicts,wherrera10/threadsafedicts.jl
ThreadsX,tkf/threadsx.jl
ThreadTools,baggepinnen/threadtools.jl
ThreeBodyDecay,mmikhasenko/threebodydecay.jl
ThreeBodyProblem,jared711/threebodyproblem.jl
ThreeBodyTB,usnistgov/threebodytb.jl
ThresholdStability,samwycherley/thresholdstability.jl
Thrift,tanmaykm/thrift.jl
Thunderbolt,termi-official/thunderbolt.jl
Thyrosim,biona001/thyrosim.jl
TianJun,findmyway/tianjun.jl
TickTock,cormullion/ticktock.jl
Tidier,tidierorg/tidier.jl
TidierCats,tidierorg/tidiercats.jl
TidierData,tidierorg/tidierdata.jl
TidierDates,tidierorg/tidierdates.jl
TidierDB,tidierorg/tidierdb.jl
TidierFiles,tidierorg/tidierfiles.jl
TidierIteration,tidierorg/tidieriteration.jl
TidierPlots,tidierorg/tidierplots.jl
TidierStrings,tidierorg/tidierstrings.jl
TidierText,tidierorg/tidiertext.jl
TidierVest,tidierorg/tidiervest.jl
TidyStanza,xiaodaigh/tidystanza.jl
TidyTable,kdpsingh/tidytable.jl
TidyTest,dhanak/tidytest.jl
TIFFDatasets,alexander-barth/tiffdatasets.jl
TiffImages,tlnagy/tiffimages.jl
TightBindingApproximation,quantum-many-body/tightbindingapproximation.jl
TightBindingToolkit,anjishnubose/tightbindingtoolkit.jl
TikzPictures,juliatex/tikzpictures.jl
TiledIteration,juliaarrays/tilediteration.jl
TiledViews,bionanoimaging/tiledviews.jl
TileProviders,juliageo/tileproviders.jl
TimeArrays,bhftbootcamp/timearrays.jl
TimeDag,tpgillam/timedag.jl
Timelapse,spodzone/timelapse.jl
TimeProbeSeismic,slimgroup/timeprobeseismic.jl
TimerOutputs,kristofferc/timeroutputs.jl
Timers,ufechner7/timers.jl
TimeSeries,juliastats/timeseries.jl
TimeSeriesEcon,bankofcanada/timeseriesecon.jl
TimeseriesSurrogates,juliadynamics/timeseriessurrogates.jl
TimeseriesTools,brendanjohnharris/timeseriestools.jl
TimeSpans,beacon-biosignals/timespans.jl
TimeTraveler,oxinabox/timetraveler.jl
TimeZoneFinder,tpgillam/timezonefinder.jl
TimeZones,juliatime/timezones.jl
TintiNet,hugemiler/tintinet.jl
TinyKernels,utkinis/tinykernels.jl
Tk,juliagraphics/tk.jl
TMI,ggebbie/tmi.jl
TMLE,targene/tmle.jl
ToeplitzMatrices,julialinearalgebra/toeplitzmatrices.jl
Tokenize,julialang/tokenize.jl
TOML,julialang/toml.jl
Toolips,chifisource/toolips.jl
ToolipsRemote,chifisource/toolipsremote.jl
ToolipsSession,chifisource/toolipssession.jl
TopicModelsVB,ericproffitt/topicmodelsvb.jl
TopologicalNumbers,kskadch/topologicalnumbers.jl
TopoPlots,makieorg/topoplots.jl
TopOpt,juliatopopt/topopt.jl
TopOpt_jl,pollinico/topopt_jl
ToQUBO,juliaqubo/toqubo.jl
TORA,juliarobotics/tora.jl
Torch,fluxml/torch.jl
TotalLeastSquares,baggepinnen/totalleastsquares.jl
Toxcore,juliaio/toxcore.jl
Trace,pxl-th/trace.jl
TraceFuns,bertschi/tracefuns.jl
Traceur,junolab/traceur.jl
TrackedFloats,utahplt/trackedfloats.jl
Tracker,fluxml/tracker.jl
Tracking,juliagnss/tracking.jl
TrackingHeaps,henriquebecker91/trackingheaps.jl
Tracy,topolarity/tracy.jl
Trading,louisponet/trading.jl
TradingAgents,aaron-wheeler/tradingagents.jl
TrainRuns,railtoolkit/trainruns.jl
TrainSpikingNet,spikingnetwork/trainspikingnet.jl
TrajectoryGamesBase,juliagametheoreticplanning/trajectorygamesbase.jl
TrajectoryGamesExamples,juliagametheoreticplanning/trajectorygamesexamples.jl
TrajectoryOptimization,roboticexplorationlab/trajectoryoptimization.jl
TrajGWAS,openmendel/trajgwas.jl
TranscodingStreams,juliaio/transcodingstreams.jl
Transducers,juliafolds/transducers.jl
TransferMatrix,garrekstemo/transfermatrix.jl
TransformerBlocks,juliamltools/transformerblocks.jl
Transformers,chengchingwen/transformers.jl
TransformersLite,liorsinai/transformerslite.jl
TransformsBase,juliaml/transformsbase.jl
TransformUtils,dehann/transformutils.jl
TransformVariables,tpapp/transformvariables.jl
TransitionsInTimeseries,juliadynamics/transitionsintimeseries.jl
TransitRouter,mattwigway/transitrouter.jl
Transits,juliaastro/transits.jl
TransmuteDims,mcabbott/transmutedims.jl
Trapz,francescoalemanno/trapz.jl
TravelingSalesmanExact,ericphanson/travelingsalesmanexact.jl
TravelingSalesmanHeuristics,evanfields/travelingsalesmanheuristics.jl
Trebuchet,fluxml/trebuchet.jl
TreeKnit,pierrebarrat/treeknit.jl
TreeParzen,iqvia-ml/treeparzen.jl
TreeRecipe,juliaai/treerecipe.jl
TreeSitter,michaelhatherly/treesitter.jl
TreeTools,pierrebarrat/treetools.jl
TreeView,juliatex/treeview.jl
TreeViews,pfitzseb/treeviews.jl
TreeWidthSolver,arrogantgao/treewidthsolver.jl
TriangularSolve,juliasimd/triangularsolve.jl
TriangulArt,jonocarroll/triangulart.jl
Triangulate,juliageometry/triangulate.jl
Tricks,oxinabox/tricks.jl
TrigPolys,juliaalgebra/trigpolys.jl
TriplotRecipes,pazner/triplotrecipes.jl
Trixi,trixi-framework/trixi.jl
Trixi2Vtk,trixi-framework/trixi2vtk.jl
TrixiAtmo,trixi-framework/trixiatmo.jl
TrixiBase,trixi-framework/trixibase.jl
TrixiGPU,czha/trixigpu.jl
TrixiParticles,trixi-framework/trixiparticles.jl
TrixiShallowWater,trixi-framework/trixishallowwater.jl
TropicalGEMM,tensorbfs/tropicalgemm.jl
TropicalNumbers,tensorbfs/tropicalnumbers.jl
Troubadour,juliawtf/troubadour.jl
TrueSkillThroughTime,glandfried/trueskillthroughtime.jl
TruncatedGaussianMixtures,potatoasad/truncatedgaussianmixtures.jl
TruncatedNormal,cossio/truncatednormal.jl
TruncatedStacktraces,sciml/truncatedstacktraces.jl
TrustRegionMethods,tpapp/trustregionmethods.jl
TruthTables,eliascarv/truthtables.jl
Tsetlin,boobsd/tsetlin.jl
TSFrames,xkdr/tsframes.jl
TSML,ibm/tsml.jl
TSne,lejon/tsne.jl
TSPDroneHGATAC,sasanm88/tspdronehgatac.jl
TSPSolvers,chkwon/tspsolvers.jl
Tsunami,carlolucibello/tsunami.jl
TSVD,julialinearalgebra/tsvd.jl
TuePlots,nathanaelbosch/tueplots.jl
Tulip,ds4dm/tulip.jl
TulipaEnergyModel,tulipaenergy/tulipaenergymodel.jl
Tullio,mcabbott/tullio.jl
Tumble,chifisource/tumble.jl
TupleTools,jutho/tupletools.jl
TurbulenceConvection,clima/turbulenceconvection.jl
TurbulentImages,glwagner/turbulentimages.jl
TurbulentWords,navidcy/turbulentwords.jl
Turing,turinglang/turing.jl
Turing2MonteCarloMeasurements,baggepinnen/turing2montecarlomeasurements.jl
TuringBenchmarking,turinglang/turingbenchmarking.jl
TuringCallbacks,turinglang/turingcallbacks.jl
TuringGLM,turinglang/turingglm.jl
TuringMachine,tfburns/turingmachine.jl
TuringModels,statisticalrethinkingjulia/turingmodels.jl
TuringPatterns,juliaearth/turingpatterns.jl
Turkie,theogf/turkie.jl
TutorialsEcon,bankofcanada/tutorialsecon.jl
TwoBit,biojulia/twobit.jl
TwoFAST,hsgg/twofast.jl
TwoLayerDirectNumericalShenanigans,jbisits/twolayerdirectnumericalshenanigans.jl
TyJuliaCAPI,suzhou-tongyuan/tyjuliacapi.jl
Tyler,makieorg/tyler.jl
TypeClasses,juliafunctional/typeclasses.jl
TypedPolynomials,juliaalgebra/typedpolynomials.jl
TypedTables,juliadata/typedtables.jl
TypeUtils,emmt/typeutils.jl
Typst,emfeltham/typst.jl
TypstGenerator,onecalfman/typstgenerator.jl
TypstJlyfish,andreaskroepelin/typstjlyfish.jl
Typstry,jakobjpeters/typstry.jl
UCIData,jackdunnnz/ucidata.jl
UCX,juliaparallel/ucx.jl
uFDTD,cmey/ufdtd.jl
UHDBindings,juliatelecom/uhdbindings.jl
UInt12Arrays,janeliascicomp/uint12arrays.jl
UltraDark,musoke/ultradark.jl
UMAP,dillondaudert/umap.jl
Umbrella,jiachengzhang1/umbrella.jl
Umlaut,dfdx/umlaut.jl
UnbalancedOptimalTransport,ericphanson/unbalancedoptimaltransport.jl
UncertainData,kahaaga/uncertaindata.jl
UncertainHistogramming,meese-wj/uncertainhistogramming.jl
UncertaintyQuantification,friesischscott/uncertaintyquantification.jl
UnderwaterAcoustics,org-arl/underwateracoustics.jl
UNet,dhairyalgandhi/unet.jl
Unfold,unfoldtoolbox/unfold.jl
Unfolding,rmcaixeta/unfolding.jl
UnfoldMakie,unfoldtoolbox/unfoldmakie.jl
UnfoldSim,unfoldtoolbox/unfoldsim.jl
UnicodePlots,juliaplots/unicodeplots.jl
UnicodeREPL,ghtaarn/unicoderepl.jl
UnionArrays,juliafolds/unionarrays.jl
UniqueVectors,garrison/uniquevectors.jl
UnitCommitment,anl-ceeesa/unitcommitment.jl
UnitDiskMapping,queracomputing/unitdiskmapping.jl
Unitful,painterqubits/unitful.jl
UnitfulAngles,yakir12/unitfulangles.jl
UnitfulAssets,rmsrosa/unitfulassets.jl
UnitfulAstro,juliaastro/unitfulastro.jl
UnitfulAtomic,sostock/unitfulatomic.jl
UnitfulDual,alemorales/unitfuldual.jl
UnitfulEquivalences,sostock/unitfulequivalences.jl
UnitfulLatexify,gustaphe/unitfullatexify.jl
UnitfulLinearAlgebra,ggebbie/unitfullinearalgebra.jl
UnitfulParsableString,michikawa07/unitfulparsablestring.jl
UnitfulUS,painterqubits/unitfulus.jl
UnitJuMP,trulsf/unitjump.jl
Unitless,emmt/unitless.jl
UnitSystems,chakravala/unitsystems.jl
Unityper,yingboma/unityper.jl
UnixIO,notinaboat/unixio.jl
UnixMmap,jmert/unixmmap.jl
Unroll,stephenvavasis/unroll.jl
Unrolled,cstjean/unrolled.jl
UnROOT,juliahep/unroot.jl
UnsafeArrays,juliaarrays/unsafearrays.jl
UnsupervisedClustering,raphasampaio/unsupervisedclustering.jl
UpdateJulia,lilithhafner/updatejulia.jl
UProbes,juliaperf/uprobes.jl
UpROOT,juliahep/uproot.jl
URIs,juliaweb/uris.jl
UsingMerge,jmichel7/usingmerge.jl
USTB,simonabj/ustb.jl
UTCDateTimes,iamed2/utcdatetimes.jl
UtilityModels,itsdfish/utilitymodels.jl
Uxn,ismael-vc/uxn.jl
Vahana,s-fuerst/vahana.jl
Valgrind,juliaperf/valgrind.jl
ValidatedNumerics,juliaintervals/validatednumerics.jl
Validator,iskyd/validator.jl
ValSplit,ztangent/valsplit.jl
ValueShapes,oschulz/valueshapes.jl
VarianceComponentsHDFE,highdimensionaleconlab/variancecomponentshdfe.jl
VariantCallFormat,rasmushenningsson/variantcallformat.jl
VariantVisualization,compbiocore/variantvisualization.jl
Variography,juliohm/variography.jl
Varpro,macd/varpro.jl
VCFTools,openmendel/vcftools.jl
Vcov,fixedeffects/vcov.jl
Vecchia,cgeoga/vecchia.jl
VectorEngine,sx-aurora-dev/vectorengine.jl
VectorInterface,jutho/vectorinterface.jl
VectorizationBase,juliasimd/vectorizationbase.jl
VectorizedKmers,antonoresten/vectorizedkmers.jl
VectorizedReduction,andrewjradcliffe/vectorizedreduction.jl
VectorizedRNG,juliasimd/vectorizedrng.jl
VectorizedRoutines,chrisrackauckas/vectorizedroutines.jl
VectorizedStatistics,juliasimd/vectorizedstatistics.jl
VectorModesolver,hammy4815/vectormodesolver.jl
Vega,queryverse/vega.jl
VegaLite,queryverse/vegalite.jl
VersionBenchmarks,jkrumbiegel/versionbenchmarks.jl
VersionParsing,juliainterop/versionparsing.jl
VertexSafeGraphs,matbesancon/vertexsafegraphs.jl
VIDA,ptiede/vida.jl
VideoInTerminal,ianbutterworth/videointerminal.jl
VideoIO,juliaio/videoio.jl
VideoPlayer,juliaio/videoplayer.jl
ViennaRNA,marcom/viennarna.jl
View5D,rainerheintzmann/view5d.jl
ViewReader,juliastrings/viewreader.jl
VimBindings,caleb-allen/vimbindings.jl
VirtualAcousticOcean,org-arl/virtualacousticocean.jl
ViscousFlow,juliaibpm/viscousflow.jl
Visor,cardo-org/visor.jl
VisualAtom,atelierarith/visualatom.jl
VisualRegressionTests,juliaplots/visualregressiontests.jl
VisualStringDistances,ericphanson/visualstringdistances.jl
Vlasiator,henry2004y/vlasiator.jl
VlasovMethods,juliaplasma/vlasovmethods.jl
VlasovSolvers,juliavlasov/vlasovsolvers.jl
VLBIImagePriors,ptiede/vlbiimagepriors.jl
VLBISkyModels,ehtjulia/vlbiskymodels.jl
VLLimitOrderBook,renruize12306/vllimitorderbook.jl
vOptGeneric,voptsolver/voptgeneric.jl
VoronoiCells,juliageometry/voronoicells.jl
VoronoiDelaunay,juliageometry/voronoidelaunay.jl
VoronoiFVM,j-fu/voronoifvm.jl
VoronoiGraph,axsk/voronoigraph.jl
VortexDistributions,ashtonsbradley/vortexdistributions.jl
VortexLattice,byuflowlab/vortexlattice.jl
VQC,guochu/vqc.jl
vSmartMOM,remotesensingtools/vsmartmom.jl
VT100,keno/vt100.jl
VTKBase,juliavtk/vtkbase.jl
VTKDataTypes,juliatopopt/vtkdatatypes.jl
VueJS,antonioloureiro/vuejs.jl
Vulkan,juliagpu/vulkan.jl
VulkanCore,juliagpu/vulkancore.jl
Waluigi,mrufsvold/waluigi.jl
Wandb,avik-pal/wandb.jl
Wannier,qiaojunfeng/wannier.jl
WannierIO,qiaojunfeng/wannierio.jl
Wasabi,iskyd/wasabi.jl
WasmCompiler,pangoraw/wasmcompiler.jl
Wasmer,pangoraw/wasmer.jl
Wasmtime,pangoraw/wasmtime.jl
WatchJuliaBurn,juliawtf/watchjuliaburn.jl
WaterLily,waterlily-jl/waterlily.jl
WaterLily-Examples,waterlily-jl/waterlily-examples
WaterModels,lanl-ansi/watermodels.jl
WatershedParcellation,myersm0/watershedparcellation.jl
WAV,dancasimiro/wav.jl
Waveforms,paalon/waveforms.jl
WaveletMatrices,biojulia/waveletmatrices.jl
Wavelets,juliadsp/wavelets.jl
WaveOpticsPropagation,juliaphysics/waveopticspropagation.jl
WaveSim,cmey/wavesim.jl
WAVI,rjarthern/wavi.jl
WCS,juliaastro/wcs.jl
WeatherReport,vnegi10/weatherreport.jl
Weave,junolab/weave.jl
WebAssemblyCompiler,tshort/webassemblycompiler.jl
WebBlast,murrellgroup/webblast.jl
WebDataset,webdataset/webdataset.jl
WebDriver,nosferican/webdriver.jl
WebIO,juliagizmos/webio.jl
Webviews,sunoru/webviews.jl
WeightedOnlineStats,gdkrmr/weightedonlinestats.jl
WeightedPCA,dahong67/weightedpca.jl
WeightInitializers,luxdl/weightinitializers.jl
Wflow,deltares/wflow.jl
WGPUCore,juliawgpu/wgpucore.jl
WGPUgfx,juliawgpu/wgpugfx.jl
WGPUNative,juliawgpu/wgpunative.jl
WhereIsMyDocstring,thofma/whereismydocstring.jl
WhereTheWaterFlows,mauro3/wherethewaterflows.jl
WhereTraits,jolin-io/wheretraits.jl
Whippet,timbitz/whippet.jl
Whisper,aviks/whisper.jl
Why,torkele/why.jl
WhyNotEqual,jw3126/whynotequal.jl
WidgetsBase,juliagizmos/widgetsbase.jl
WidthLimitedIO,juliaio/widthlimitedio.jl
WignerD,jishnub/wignerd.jl
WignerFamilies,xzackli/wignerfamilies.jl
WildBootTests,droodman/wildboottests.jl
Wilsonloop,akio-tomiya/wilsonloop.jl
WindowedFunctions,jeffreysarnoff/windowedfunctions.jl
Winston,juliagraphics/winston.jl
WiSARD,pedromxavier/wisard.jl
WiSER,openmendel/wiser.jl
WolframExpr,musoke/wolframexpr.jl
WoodburyMatrices,julialinearalgebra/woodburymatrices.jl
WooldridgeCode,bkamins/wooldridgecode.jl
WordCloud,guo-yong-zhi/wordcloud.jl
WordLists,lilithhafner/wordlists.jl
WordNet,juliatext/wordnet.jl
WorldBankData,4gh/worldbankdata.jl
WorldDynamics,worlddynamics/worlddynamics.jl
WorldOceanAtlasTools,briochemc/worldoceanatlastools.jl
WrapIt,grasph/wrapit.jl
WRDSMerger,junder873/wrdsmerger.jl
WriteDocx,pumasai/writedocx.jl
WriteVTK,juliavtk/writevtk.jl
WTP,kangboli/wtp.jl
XAM,biojulia/xam.jl
XCB,juliagl/xcb.jl
XDF,cbrnr/xdf.jl
XDiag,awietek/xdiag.jl
XGBoost,dmlc/xgboost.jl
Xicor,stefftaelman/xicor.jl
XKCD,joshday/xkcd.jl
XLSX,felipenoris/xlsx.jl
XML,juliacomputing/xml.jl
Xpress,jump-dev/xpress.jl
Xranklin,tlienart/xranklin.jl
XRootD,juliahep/xrootd.jl
XSim,reworkhow/xsim.jl
XSteam,hzgzh/xsteam.jl
Xsum,juliamath/xsum.jl
Xtals,simonensemble/xtals.jl
XUnit,relationalai-oss/xunit.jl
Xyce,juliacomputing/xyce.jl
YAAD,roger-luo/yaad.jl
YahooFinance,juliatagbot/yahoofinance.jl
YAML,juliadata/yaml.jl
Yao,quantumbfs/yao.jl
YaoPlots,quantumbfs/yaoplots.jl
YaoToEinsum,quantumbfs/yaotoeinsum.jl
YAXArrays,juliadatacubes/yaxarrays.jl
YeoJohnsonTrans,tk3369/yeojohnsontrans.jl
YFinance,eohne/yfinance.jl
YOLOv7,gabrielpreviato/yolov7.jl
Yota,dfdx/yota.jl
Yunir,alstat/yunir.jl
Z3,ahumenberger/z3.jl
Zabbix,rahulkp220/zabbix.jl
Zalgo,cormullion/zalgo.jl
Zarr,juliaio/zarr.jl
ZarrDatasets,juliageo/zarrdatasets.jl
ZChop,jlapeyre/zchop.jl
ZeissMicroscopyFormat,juliaio/zeissmicroscopyformat.jl
ZernikePolynomials,rdoelman/zernikepolynomials.jl
ZfpCompression,milankl/zfpcompression.jl
ZipArchives,juliaio/ziparchives.jl
ZipFile,fhs/zipfile.jl
ZMQ,juliainterop/zmq.jl
Zotero,theogf/zotero.jl
ZoteroDB,tecosaur/zoterodb.jl
ZXCalculus,quantumbfs/zxcalculus.jl
Zygote,fluxml/zygote.jl
ZygoteRules,fluxml/zygoterules.jl
